imdb_id,popularity2,rating,totalVotes
tt0499549,185.070892,7.2,12114
tt2488496,31.626013,7.5,7993
tt0120338,26.88907,7.5,7770
tt0848228,89.887648,7.4,12000
tt0369610,32.790475,6.5,8842
tt2820852,27.275687,7.3,4253
tt2395427,37.37942,7.3,6908
tt1201607,24.990737,7.9,6141
tt2294629,24.248243,7.3,5440
tt2771200,287.253654,6.8,5530
tt4630562,48.573287,6.8,3803
tt1300854,23.721243,6.8,8951
tt2293640,547.488298,6.4,4729
tt3498820,145.882135,7.1,7462
tt1399103,4.503505,6.1,3351
tt0167260,29.324358,8.1,8226
tt1074638,20.309585,6.9,7718
tt2109248,18.495599,5.8,3136
tt1345836,20.58258,7.6,9263
tt0435761,16.96647,7.6,4710
tt0383574,29.455314,7.0,5380
tt3748528,36.567575,7.4,5111
tt1298650,27.88772,6.4,5068
tt2277860,14.477677,6.8,4333
tt1014759,17.285093,6.4,4773
tt2948356,26.024868,7.7,4961
tt0903624,23.253089,7.0,8427
tt3469046,36.631519,6.2,2002
tt0468569,123.167259,8.3,12269
tt0241527,38.187238,7.5,7188
tt1690953,24.82355,7.0,4729
tt3040964,17.432758,6.7,2977
tt0449088,31.363664,6.9,4627
tt1170358,20.644776,7.6,4633
tt2310332,31.718977,7.1,4884
tt0926084,23.300362,7.5,5708
tt0266543,25.497794,7.6,6292
tt0373889,21.3643,7.4,5633
tt0417741,19.083723,7.4,5435
tt0167261,29.423537,8.0,7641
tt0120915,15.649091,6.4,4526
tt0107290,8.863776,7.6,4956
tt0298148,16.22986,6.7,3082
tt0330373,24.903058,7.5,5758
tt0413300,27.614265,5.9,3687
tt1080016,12.980624,6.5,2330
tt2379713,24.926577,6.3,4552
tt1667889,13.26958,6.2,2731
tt0295297,29.741452,7.4,5966
tt2709768,11.01395,5.9,3536
tt2975590,31.435879,5.7,7189
tt0120737,32.070725,8.0,8892
tt3896198,185.330992,7.6,4858
tt2096673,23.985587,7.9,6737
tt0121766,13.165421,7.1,4200
tt1951264,25.309139,7.4,6656
tt1055369,4.351756,6.0,3192
tt1673434,26.080995,6.1,2641
tt1375666,29.108149,8.1,14075
tt0145487,29.413341,6.8,5398
tt0451279,294.337037,7.2,5025
tt0116629,17.634197,6.7,3334
tt3183660,41.051421,7.2,5612
tt0413267,14.072479,6.0,2355
tt1790809,133.82782,6.6,2814
tt0083866,19.358546,7.3,3359
tt0304141,28.460276,7.7,6037
tt1905041,1.657637,6.7,5282
tt0110357,21.605761,8.0,5520
tt0367882,12.577266,5.7,2558
tt0316654,10.834506,6.7,4432
tt1431045,187.860492,7.4,11444
tt0076759,42.149697,8.1,6778
tt2015381,53.291601,7.9,10014
tt1190080,16.698628,5.6,4994
tt0382625,18.566706,6.5,2773
tt1587310,19.467404,7.0,4607
tt0892791,11.803808,6.0,2021
tt0948470,31.102267,6.5,6734
tt1951265,147.098006,6.6,5767
tt0363771,18.13542,6.7,2709
tt1877832,26.058586,7.5,6155
tt1277953,13.829042,6.4,1857
tt1386697,42.965027,5.9,7717
tt1453405,16.267502,7.0,3622
tt0234215,16.229317,6.7,3500
tt1049413,19.330884,7.8,7048
tt1454468,18.50194,7.3,5879
tt1843866,18.717704,7.6,5881
tt1324999,25.9725,5.8,2622
tt2103281,75.385211,7.3,4511
tt1259571,30.121292,5.6,2518
tt0418279,5.587707,6.6,4113
tt1872181,26.23687,6.5,4274
tt1325004,34.047399,5.9,2382
tt1229238,14.25843,6.8,4026
tt1392170,20.031667,6.9,9634
tt2381249,17.836882,7.1,3274
tt0109830,48.307194,8.2,8147
tt1211837,43.847654,7.1,5880
tt0816692,32.213481,8.1,11187
tt0167404,18.449169,7.7,3223
tt1302011,11.481921,6.7,1925
tt0770828,18.538834,6.5,6462
tt0438097,16.646029,6.5,3034
tt0325980,47.326665,7.5,7191
tt1951266,26.628178,6.6,4117
tt2245084,213.849907,7.8,6289
tt0121765,14.072511,6.4,4074
tt1981115,34.905447,6.8,4873
tt3521164,9.143457,7.3,3471
tt3470600,20.045673,6.8,2363
tt0441773,16.897541,6.9,3231
tt0317705,22.220214,7.4,5290
tt3659388,25.62993,7.6,7442
tt1596343,1.420361,7.1,2491
tt0448157,11.017324,6.2,3050
tt1409024,10.684385,6.3,4228
tt1228705,19.083344,6.6,6969
tt0382932,20.50803,7.5,4510
tt3315342,54.581997,7.6,6310
tt0335345,13.194168,6.9,888
tt0795421,10.534437,6.4,1435
tt1646971,12.256689,7.6,3163
tt0454876,14.045042,7.2,5912
tt3371366,39.186819,6.2,1440
tt0479952,12.668733,6.2,1866
tt0381061,23.065078,7.3,3930
tt0398286,14.684761,7.4,3419
tt0407304,19.929377,6.2,2397
tt0119654,15.781024,6.9,4521
tt0830515,13.67812,6.1,3015
tt0480249,11.379355,6.9,4977
tt0481499,14.757874,6.8,2447
tt0371746,22.073099,7.4,8951
tt0477347,16.661966,6.4,2949
tt0086190,14.586087,7.9,4763
tt0043274,16.488937,7.0,1557
tt2322441,33.068431,5.2,3350
tt3731562,29.429112,6.2,3161
tt0472181,10.219758,5.5,1201
tt0198781,26.419962,7.5,6150
tt1216475,13.693002,5.8,2088
tt4701660,5.296052,6.2,76
tt0120591,13.235112,6.5,2540
tt0360717,19.761164,6.6,2403
tt1637725,19.638605,6.3,4811
tt0120755,18.97178,5.9,1966
tt0319262,15.049695,6.2,2462
tt3385516,28.712522,6.4,4831
tt1661199,19.801128,6.7,2426
tt1323594,22.274502,7.1,6595
tt2179136,19.228561,7.4,4600
tt1217209,15.876341,6.7,4760
tt0080684,19.470959,8.2,5998
tt1663202,23.501228,7.3,6558
tt0351283,16.136217,6.6,3322
tt0816711,26.114917,6.7,5683
tt0831387,14.019239,6.1,3232
tt0462538,14.302911,6.9,2335
tt0988045,15.68604,7.0,5883
tt0910970,16.088366,7.8,6439
tt2267968,14.696548,6.7,1630
tt0103064,22.661695,7.7,4274
tt5013056,30.938854,7.5,2712
tt0478970,26.882388,7.0,6029
tt0290002,11.876386,6.1,1412
tt0099653,11.945397,6.9,1381
tt0103639,16.357419,7.4,3495
tt2357291,8.18534,6.3,997
tt3874544,13.392824,6.1,2336
tt0332452,15.387275,6.9,2841
tt0120363,17.547693,7.3,3914
tt0892769,14.416681,7.5,4319
tt0117998,8.739144,6.1,966
tt1623205,11.137329,5.7,3576
tt1436562,10.403228,6.5,2213
tt0315327,15.947524,6.4,3121
tt0126029,17.987728,7.3,4183
tt1318514,41.613762,7.0,4452
tt0120815,21.758054,7.9,5148
tt0356910,15.724373,6.5,3048
tt1291150,22.337973,5.8,2677
tt0099785,0.702543,7.1,2487
tt0367594,22.038405,6.7,3759
tt0097576,14.788987,7.6,3221
tt2510894,11.760218,6.7,1528
tt1772341,13.697597,7.1,4656
tt0073195,19.726114,7.5,2628
tt2126355,20.547925,6.0,3017
tt1490017,16.418133,7.5,3127
tt1408101,15.78129,7.4,4479
tt0133093,33.366332,7.9,9079
tt0100405,13.348451,7.0,1807
tt0317219,18.907948,6.6,3991
tt0376994,0.867943,6.3,3581
tt1119646,23.947351,7.2,6324
tt0117060,15.793477,6.7,2677
tt0172495,23.186667,7.9,5566
tt0465234,12.854373,6.1,1782
tt0325710,19.582325,7.3,1946
tt0240772,12.114932,7.2,3857
tt0800369,29.158489,6.6,6678
tt0213149,11.419388,6.6,1833
tt0120855,12.453452,7.1,1715
tt3783958,19.681686,7.9,4745
tt1231580,9.909961,5.3,688
tt0440963,18.173269,7.3,2938
tt0120912,16.775716,6.1,3188
tt1707386,13.52408,7.2,1925
tt0070047,12.137595,7.5,2046
tt0107614,11.16553,7.0,1638
tt1340138,30.188198,5.8,3677
tt0181852,20.818907,5.9,2177
tt0803096,12.572718,6.3,2325
tt0209163,16.945657,6.0,2258
tt0246460,12.996474,5.8,1112
tt0162222,21.296343,7.5,3304
tt1675434,16.086919,8.2,5410
tt1853728,19.785025,7.8,10297
tt0242653,15.368205,6.4,3155
tt0099348,11.654349,7.6,1084
tt0416449,18.108408,7.0,5092
tt0499448,12.490891,6.3,1668
tt0120616,23.984065,6.6,2796
tt0980970,12.383398,6.2,1555
tt4196776,19.133256,5.9,2386
tt1430132,3.918287,6.3,4110
tt1000774,9.170332,6.0,525
tt2802144,28.224212,7.6,6069
tt1504320,11.260387,7.6,2817
tt1078912,15.417181,5.9,2026
tt0095953,11.267467,7.6,1762
tt0096895,19.10673,7.0,2145
tt0103855,9.805017,6.2,681
tt3416828,20.151037,5.6,1170
tt0286106,11.211568,6.4,1624
tt2345759,33.704935,5.4,2122
tt0290334,0.913096,6.8,3572
tt1663662,33.949359,6.7,4903
tt1446714,16.624854,6.3,5152
tt0859163,14.250227,5.2,1418
tt0031381,14.240357,7.7,995
tt1104001,21.259,6.3,2895
tt0317919,15.687983,6.5,2062
tt1735898,18.751554,5.8,3183
tt1099212,31.282029,5.8,3688
tt0993846,16.382422,7.9,6768
tt0348150,13.284712,5.4,1429
tt0102798,10.639244,6.6,937
tt0082971,19.901576,7.7,3949
tt1628841,16.993841,4.9,2550
tt0796366,15.362632,7.4,4574
tt3781476,5.361771,5.7,81
tt0366548,15.088318,5.9,1457
tt0337978,14.886039,6.4,2122
tt0268380,17.328902,7.1,3954
tt0892782,14.243634,6.0,1464
tt0088763,25.778509,8.0,6239
tt0120685,11.295121,5.3,1075
tt0111503,11.396099,6.8,1138
tt1392190,29.36178,7.3,9629
tt4465564,29.130443,6.0,2341
tt1010048,11.258181,7.6,2918
tt0101414,23.433511,7.5,3029
tt1397280,16.376482,6.1,2783
tt0372784,28.505341,7.5,7511
tt0207201,9.963079,6.1,1021
tt0114709,21.946943,7.7,5415
tt1911658,22.201607,6.5,1375
tt0458525,1.456541,6.2,4086
tt0385752,11.481379,5.8,1347
tt0983193,19.201504,6.7,2095
tt1583421,10.560608,5.4,3045
tt0438488,16.507496,5.9,2496
tt0458339,19.323582,6.6,7174
tt1631867,31.982986,7.6,4979
tt3450958,146.161786,6.7,1675
tt0129387,11.688958,6.5,1616
tt2267998,154.801009,7.9,6023
tt0106977,10.08937,7.2,1240
tt2224026,13.422713,6.8,1539
tt0163025,0.648867,5.7,2109
tt0259446,6.719949,6.2,686
tt0386588,13.35076,6.3,1721
tt0307453,17.999273,5.8,1612
tt0112864,15.138855,6.9,2094
tt0125439,9.874043,7.0,1309
tt0120623,16.869209,6.8,2379
tt1013752,1.498902,6.5,2426
tt0349903,11.869347,6.4,2169
tt1959490,14.924487,5.5,2408
tt0133152,17.319836,5.6,1270
tt1951261,25.085639,6.0,2991
tt0143145,12.130127,6.0,878
tt0952640,11.805233,5.5,1212
tt0104431,13.293722,6.3,2459
tt0837562,16.231945,6.8,2622
tt0181689,20.666063,7.1,2663
tt1155076,11.690781,6.2,1675
tt0092099,20.301019,6.7,1736
tt0918940,45.38298,5.5,2488
tt0808151,22.211558,6.5,2183
tt0169547,20.726578,7.9,3438
tt1397514,9.46307,5.8,1050
tt0112384,18.761467,7.3,1637
tt0130623,9.998415,6.2,563
tt1270798,0.738633,7.1,5252
tt0103772,16.628427,6.5,869
tt0113189,14.686036,6.6,1194
tt0264464,19.833077,7.7,3917
tt0212985,2.48875,6.4,1296
tt0110475,14.13488,6.6,2550
tt1343092,17.598936,7.3,3885
tt0111257,10.859292,6.8,1814
tt3606752,19.148182,6.6,718
tt1985949,11.171927,5.9,1048
tt2692250,19.539436,6.1,1893
tt1482459,7.689395,6.3,1048
tt1790864,76.93789,7.0,5540
tt0368891,18.932203,6.4,1974
tt2017020,10.640864,5.5,711
tt0266915,8.345985,6.4,1078
tt0343818,14.43075,6.7,3889
tt1679335,16.83711,6.7,1054
tt1293847,17.918269,5.5,1497
tt0114148,13.280069,6.7,1509
tt0170016,11.642462,6.2,1440
tt2660888,20.659284,6.6,2636
tt0327084,9.382953,6.3,1116
tt1615918,8.066393,5.4,499
tt0109813,15.019586,5.0,559
tt0461770,11.447798,6.6,1512
tt1253863,12.904677,6.1,2438
tt0112462,13.321354,5.2,1529
tt0473075,18.459955,6.2,2372
tt0117500,13.249824,6.9,1474
tt3110958,39.540653,6.7,3362
tt1515091,18.695329,7.0,3971
tt0421715,17.934821,7.3,3398
tt0120347,17.159576,6.0,941
tt0087469,15.802306,7.1,2841
tt0096874,13.689855,7.4,3926
tt2034800,15.884744,5.8,1465
tt1979388,12.319595,6.6,1782
tt0120667,19.382082,5.5,3040
tt0212338,14.178281,6.6,1743
tt0096438,16.78596,7.2,1466
tt0090555,7.791212,6.3,512
tt0947798,12.989056,7.3,4562
tt0114369,18.45743,8.1,5915
tt0458352,13.102384,7.0,3198
tt2446042,18.081483,6.1,2225
tt0177971,18.911961,6.2,609
tt1067106,12.869273,6.6,1137
tt1001526,11.603905,6.7,1968
tt0104714,10.786007,6.4,824
tt0108052,41.725123,8.3,4436
tt0115433,11.470748,5.6,722
tt3065204,14.767317,7.0,2018
tt0093010,14.260779,6.6,305
tt0361748,16.89564,7.9,6598
tt0938283,9.544657,4.7,1180
tt1457767,14.90169,7.4,3169
tt1041829,8.058337,6.7,1858
tt0086960,8.503483,6.8,985
tt0118571,12.173291,6.2,859
tt0371606,18.584609,5.6,974
tt0119822,9.374049,7.2,946
tt0268978,11.93646,7.7,3087
tt1764651,14.881566,6.1,2940
tt2592614,0.75571,5.9,1139
tt4116284,17.070748,7.2,1473
tt2279373,12.334689,5.7,733
tt0496806,12.16276,6.5,2040
tt4046784,41.225769,6.5,3148
tt0145660,13.984182,6.1,1034
tt0955308,10.56812,6.2,1434
tt0970866,9.73941,5.5,1092
tt5074352,8.792104,8.0,140
tt0397892,15.580915,6.3,1798
tt0117438,8.772188,6.4,482
tt0163187,8.919469,5.8,472
tt0878804,12.753109,7.2,1626
tt2582846,16.274653,7.6,3868
tt0454921,20.981716,7.7,2607
tt1446192,10.943775,7.1,1981
tt0299658,13.325347,6.9,695
tt0338348,14.27536,6.4,1524
tt1606378,12.471865,5.2,3519
tt0120762,21.180857,7.6,2089
tt0075860,10.610446,7.2,1122
tt1355644,20.303632,6.7,4134
tt1440129,13.106966,5.5,2141
tt0119528,10.102471,6.4,1456
tt1046173,11.787058,5.6,1988
tt1646987,7.739904,5.5,1459
tt0102057,14.508137,6.7,1563
tt0089927,10.25721,6.6,984
tt0089880,11.924462,6.3,884
tt0338526,12.643312,6.0,1674
tt1220634,0.452934,5.8,1382
tt0078346,15.460102,6.9,1042
tt0164912,8.3595,5.8,998
tt0092644,9.200336,6.1,627
tt2567026,14.61608,6.5,1782
tt0119738,4.678572,6.4,606
tt0433035,19.265552,6.6,2749
tt0451079,8.326699,6.3,927
tt0295178,8.786653,5.9,997
tt1935859,36.262655,6.5,3213
tt0120903,0.954467,6.8,4172
tt0097778,5.795045,5.8,546
tt2908446,27.887186,6.2,3921
tt0087332,22.089729,7.3,2431
tt1130884,15.813629,7.8,6559
tt0118998,9.439079,5.4,705
tt0944835,8.704455,6.2,2125
tt0436339,9.163791,5.1,519
tt0407887,18.515448,7.9,4455
tt0138097,13.813155,6.8,831
tt0486576,12.924254,5.4,2648
tt0094898,7.830087,6.5,944
tt1840309,21.572585,6.9,4784
tt0372183,20.40426,7.2,2873
tt1478338,6.810991,6.5,1697
tt1261945,7.255991,5.5,434
tt0112642,12.812539,6.0,1045
tt0389790,8.774374,5.7,1208
tt0252866,10.25103,6.0,1375
tt2848292,15.862632,6.8,1997
tt0059742,9.06773,7.4,966
tt1483013,14.654053,6.4,4862
tt1535108,15.232738,6.4,3510
tt0122151,14.470551,6.3,782
tt0396269,11.100597,6.4,1406
tt0120689,19.96678,8.2,4166
tt0401729,14.670353,6.1,2170
tt1860353,8.979753,6.1,1094
tt0243155,10.780524,6.6,1397
tt0103776,15.001681,6.6,1706
tt1243957,12.845045,6.0,1744
tt4276752,4.209701,6.0,71
tt0175142,12.446738,6.0,1468
tt0295701,12.722381,5.8,1454
tt4972582,28.920839,7.0,4461
tt1194173,14.89499,6.0,2683
tt0267913,8.592826,5.4,853
tt0443272,10.680331,6.7,1456
tt0245429,41.048867,8.3,3968
tt0146316,15.851722,5.7,2235
tt1320253,14.75562,6.0,2977
tt0116695,11.807601,6.7,941
tt0172156,8.191436,6.3,1588
tt0864835,9.493838,6.7,861
tt0102926,4.307222,8.1,4549
tt1375670,23.981251,6.0,1746
tt0106918,9.678367,6.6,513
tt0084602,11.673366,6.6,894
tt1723121,18.474368,6.8,3053
tt1205489,14.794228,7.8,3181
tt0848537,11.913405,6.4,1143
tt2004420,11.90575,6.2,2773
tt1528100,16.320249,5.6,1957
tt0034492,13.698132,6.8,1450
tt0780521,16.616517,6.7,1293
tt0337741,8.524847,6.3,422
tt0107211,7.118123,5.8,300
tt1085492,16.219485,4.6,218
tt0765429,9.644542,7.4,1527
tt0443649,13.99377,5.1,934
tt0114898,16.885184,5.9,1017
tt0120382,13.155901,7.8,4702
tt0160127,9.774985,5.6,1253
tt0119116,24.30526,7.3,3962
tt0042332,14.436858,6.8,1760
tt0113497,17.015539,6.9,2413
tt1013743,12.758942,5.9,1583
tt0443453,8.278336,6.5,1617
tt0100802,12.954444,7.1,1745
tt0358082,12.949715,6.0,1383
tt1650062,19.529911,6.6,2496
tt1109624,15.686837,7.0,899
tt0305357,7.821116,5.2,930
tt0493464,12.457896,6.4,2583
tt0293564,9.718111,6.1,801
tt0119164,8.333322,6.9,372
tt0368447,8.172707,6.2,1101
tt0195685,10.135446,7.1,730
tt3322940,23.242452,5.5,1588
tt0106582,9.830853,6.1,600
tt0109831,8.990345,6.6,654
tt1411697,21.893532,6.2,3836
tt4217392,17.630487,5.9,50
tt0112431,14.404764,6.0,756
tt0119282,14.048694,7.3,1741
tt5052448,36.894806,7.2,2978
tt1403865,10.730765,7.2,1701
tt0118689,12.799853,6.3,602
tt1800241,16.478036,6.8,2868
tt0128853,10.237996,6.3,859
tt0120660,12.978751,6.7,1266
tt0120746,11.348096,6.3,1211
tt0117705,11.054251,6.5,1335
tt0298130,13.740965,6.5,1720
tt0449010,9.851133,4.9,990
tt1985966,14.412061,6.4,936
tt0217869,14.67855,6.9,1994
tt0185937,14.838386,6.3,1090
tt0109686,9.844558,6.5,1894
tt2191701,9.411725,5.8,1180
tt2452042,12.338346,6.5,608
tt1192628,10.581925,6.6,2094
tt0119094,11.467391,6.8,1612
tt3949660,13.047776,5.8,984
tt1077368,10.665859,5.7,2383
tt0286716,15.422638,5.3,1571
tt0068646,41.109264,8.5,6024
tt0314331,10.586815,7.0,1917
tt0099088,13.043999,7.1,2978
tt0120812,11.840557,6.8,1254
tt0822832,9.729748,6.9,1392
tt1815862,10.747642,5.0,2579
tt2120120,21.14796,5.6,2564
tt1267297,19.606895,5.6,1707
tt0104257,12.330249,7.1,899
tt0844471,11.665693,6.5,1799
tt1528854,8.009226,5.8,870
tt1234721,10.246549,5.7,2385
tt0116213,6.919314,5.6,553
tt2094766,27.54107,5.4,2776
tt1855325,0.948759,5.6,1618
tt0099423,18.785984,6.6,1920
tt3263904,18.275689,7.0,2106
tt0118688,17.038824,4.2,1447
tt0389860,9.796552,6.0,2167
tt1320261,7.565799,4.9,633
tt0187078,14.091765,6.1,1511
tt0076666,13.657204,6.5,383
tt0322259,2.32462,6.2,2087
tt0212720,13.249364,6.8,2011
tt0097165,19.905716,8.1,2786
tt3079380,13.257467,6.9,2590
tt0163651,18.344227,6.4,2358
tt1605630,8.10609,6.1,1641
tt0142342,8.011869,6.2,898
tt0347149,16.136048,8.2,2049
tt2084970,31.59594,8.0,5895
tt0970416,9.265322,5.2,1057
tt0800320,11.972347,5.6,2280
tt1568346,8.907829,7.2,2479
tt2316204,72.884078,5.7,2677
tt1024648,14.238234,7.1,3473
tt0116209,15.564161,7.0,559
tt0105417,18.83065,6.5,713
tt0328828,14.397139,6.0,1158
tt0467406,11.791591,7.0,2313
tt0360486,9.615691,6.6,1837
tt4846340,16.816834,7.8,2178
tt0425061,11.35779,6.0,1072
tt4849438,9.042261,6.7,161
tt0453451,10.19853,6.1,682
tt0118799,39.39497,8.3,3643
tt1289401,17.162744,5.3,2203
tt0119567,0.788123,6.2,2528
tt0259324,11.902354,5.2,1754
tt0097733,12.834276,6.7,1066
tt0990407,7.888013,5.5,1274
tt0108160,10.234919,6.5,630
tt1253864,10.363671,5.7,898
tt0936501,16.367481,7.2,4444
tt0814255,9.785895,6.0,2079
tt1068680,9.756289,6.4,1869
tt0119217,15.064833,7.9,2880
tt1285016,16.972995,7.1,3492
tt0120630,11.834245,6.5,1190
tt1428538,10.337211,5.7,3290
tt3890160,228.032744,7.2,2083
tt0118880,11.545982,6.5,1289
tt0110148,11.970205,7.2,1558
tt0408790,12.419851,6.1,796
tt2024469,19.650229,6.8,2302
tt0097523,12.358786,6.1,756
tt0097757,17.496832,7.2,1921
tt0489099,11.03897,5.9,1855
tt0120891,9.887602,5.1,1042
tt0100404,7.025657,6.6,155
tt0306047,11.142209,5.8,948
tt3062096,18.311054,5.7,2316
tt1133985,13.985631,5.1,2551
tt1691917,11.604181,5.7,568
tt0362227,14.092373,7.1,1974
tt1230414,9.083133,6.2,370
tt0478311,9.058516,6.2,1255
tt0120794,11.898185,6.9,847
tt0790724,12.789812,6.3,3046
tt0369339,13.455112,7.0,1476
tt2637276,42.061481,6.2,2524
tt1489889,11.374041,6.2,1699
tt0405159,14.471373,7.7,2519
tt0096320,5.952494,5.7,566
tt0817230,7.466721,5.7,1043
tt1284575,7.310686,5.4,1634
tt0109444,7.513245,6.4,390
tt0055254,15.727519,6.8,1643
tt0103874,16.777675,7.1,1087
tt0190865,6.548229,5.9,287
tt0829150,16.316318,6.2,2439
tt0097428,16.414239,6.3,1131
tt0187393,15.960788,6.8,1130
tt0963966,12.533525,5.9,1526
tt0298203,8.374355,6.8,1676
tt1564367,9.267959,6.3,1588
tt1152836,10.364794,6.5,1371
tt0258463,21.040126,7.3,3640
tt0109635,11.812244,5.9,217
tt0092890,14.044122,7.1,1371
tt0110912,140.950236,8.3,8670
tt0190332,19.944953,7.2,949
tt2180411,9.580785,5.6,1688
tt0960731,10.739419,5.9,924
tt0137494,10.62333,6.0,613
tt0112281,8.205448,6.1,1128
tt0311113,8.693298,6.9,808
tt0212346,9.510762,6.1,987
tt0146675,9.62371,5.5,488
tt1473832,10.754139,6.3,972
tt2713180,36.713807,7.4,4028
tt1231583,11.73956,6.2,1737
tt0320661,16.296471,6.6,1187
tt1136608,11.589835,7.3,3451
tt0079574,10.576273,5.9,551
tt0112573,20.755149,7.7,3404
tt0289765,2.968157,6.7,1142
tt1964418,22.296076,6.2,2904
tt0339291,12.817945,6.7,1521
tt1599348,8.338675,6.3,1361
tt2459022,1.789133,6.1,28
tt2674426,34.34759,7.6,2674
tt0181865,8.338222,6.9,573
tt0232500,1.406181,6.6,3485
tt0107818,13.373006,7.6,1019
tt2333784,14.753545,6.1,1830
tt0162661,11.072361,6.9,1774
tt0061852,22.845448,7.1,1791
tt3300542,15.037993,5.8,1656
tt1045658,14.488111,7.0,4840
tt1778304,10.996308,5.9,685
tt0102138,13.813146,7.5,513
tt2334879,9.920223,6.3,1910
tt1142988,8.450799,6.4,1005
tt0452594,6.327193,5.6,851
tt0879870,15.904834,5.8,655
tt0349683,8.862107,6.1,827
tt2719848,10.758754,6.7,1805
tt0259711,10.071057,6.5,1100
tt2543164,30.83786,7.2,5729
tt2369135,18.271383,6.1,1560
tt1217613,6.753746,5.5,1462
tt0129290,12.52181,7.0,863
tt0369441,13.473381,5.9,639
tt0100758,13.184585,6.5,486
tt0099938,3.67003,5.8,643
tt1398426,21.183077,7.7,1381
tt0960144,13.116461,5.5,1068
tt1232829,11.250764,6.7,4151
tt1302067,6.598296,5.2,228
tt0356634,10.003679,5.2,851
tt0985699,8.635464,6.7,1195
tt0079817,11.789813,6.9,948
tt0099810,15.91126,7.2,971
tt1386703,16.42635,5.8,2540
tt0120632,8.228219,6.5,537
tt1351685,11.606061,5.5,2634
tt0400717,11.744242,6.1,676
tt2398241,16.972835,6.2,311
tt0338459,8.025145,4.7,525
tt2203939,9.389354,6.2,1467
tt0111282,13.328924,6.8,942
tt0343660,11.134888,6.6,2161
tt0258000,14.969502,6.6,1303
tt1606389,9.524298,7.0,1328
tt0305224,9.409379,5.9,937
tt0442933,9.951195,5.5,855
tt0082398,9.765123,6.3,497
tt0107798,8.708306,6.3,377
tt1753383,9.863789,6.6,657
tt2361509,15.651705,7.1,1926
tt0457939,14.043416,6.7,1259
tt0217505,14.922399,7.1,1964
tt1179904,12.706424,5.9,1351
tt0164184,9.268136,5.9,447
tt0312004,11.766244,6.8,660
tt0455944,17.618057,7.1,2997
tt0101272,12.962525,6.7,871
tt0093428,12.189038,6.2,447
tt0081573,10.301621,6.5,642
tt0398165,7.349843,6.2,804
tt0164052,7.912103,5.6,645
tt0349205,7.364297,6.0,725
tt0114069,13.676444,6.4,522
tt0111070,9.665424,6.3,501
tt0377981,9.244469,5.8,547
tt0120902,12.311615,6.6,494
tt0095956,11.624866,5.7,703
tt2294449,10.901496,7.0,3375
tt0359950,8.684892,7.0,3213
tt0942385,8.980941,6.5,1707
tt0077766,11.21306,5.9,412
tt0086034,10.619302,6.2,534
tt0876563,8.470945,7.5,953
tt0113277,17.924927,7.7,1886
tt1396218,15.214342,5.7,775
tt2024544,30.316249,7.9,3787
tt0119314,7.685548,6.7,296
tt0358273,11.476443,7.3,732
tt1144884,8.805723,5.4,851
tt0762107,6.645799,5.8,640
tt0230011,10.901602,6.7,1257
tt0120484,9.461823,5.9,521
tt0970179,14.046164,7.0,2197
tt0076752,9.781451,6.6,515
tt0115685,6.49968,6.7,303
tt0409459,16.551503,7.0,2892
tt0029583,16.263878,6.9,1973
tt5362988,40.796775,7.4,181
tt0454848,13.393548,7.3,1671
tt1617661,21.463465,5.2,2816
tt1411704,8.904488,5.5,338
tt4651520,9.362056,6.3,1287
tt0211181,7.668752,5.1,327
tt0391198,9.740827,5.8,889
tt3691740,18.769476,6.0,1026
tt0090605,21.761179,7.7,3282
tt1114740,13.003122,5.2,807
tt1667353,14.170183,5.5,1148
tt4624424,12.687521,6.7,706
tt0101540,10.302735,7.0,692
tt0338094,11.605735,5.1,481
tt0114924,15.783615,6.5,340
tt0112579,5.951077,7.3,397
tt0077631,7.854899,7.2,1633
tt0409182,6.581669,5.5,594
tt0102059,11.026793,6.4,588
tt0257044,13.426684,7.3,1102
tt0266697,25.261865,7.7,5091
tt0256415,8.587129,6.1,408
tt0453467,14.922904,6.6,1519
tt1649419,10.027434,7.0,2071
tt1645170,7.446085,5.9,1789
tt0311429,10.488765,5.7,1181
tt3410834,18.386172,5.9,2064
tt0203009,13.691781,7.4,1348
tt0287978,11.415558,5.0,1551
tt0101587,7.334686,6.2,232
tt0362120,13.096692,5.3,779
tt0118928,7.240753,5.8,445
tt1059786,14.324875,6.3,1038
tt0105112,11.075674,6.4,440
tt0388795,11.787044,7.5,1531
tt0119137,7.016942,5.3,707
tt1469304,35.637691,6.1,1829
tt0150377,10.876463,6.2,282
tt1568911,8.166363,7.0,1016
tt1536044,7.388933,5.7,734
tt0299977,9.861765,7.3,647
tt0251127,5.188107,6.3,873
tt1001508,8.376094,6.2,988
tt1033575,11.794753,6.7,956
tt0429493,16.747793,6.2,1737
tt0084805,8.451188,6.9,429
tt0107206,12.637158,6.8,392
tt0122933,7.634017,6.4,512
tt0240462,7.906683,4.9,422
tt0317740,13.995044,6.6,1949
tt0825232,9.070643,7.0,1138
tt2119532,21.037699,7.8,3294
tt0102945,8.560694,6.1,228
tt0409847,10.958669,5.4,2054
tt2278388,14.442048,8.0,4644
tt1854564,10.338222,5.9,1685
tt2024432,7.321172,5.6,1667
tt0208003,7.978985,5.6,514
tt1637688,10.324613,6.7,3512
tt0211915,12.879381,7.8,3403
tt1229340,7.600751,6.0,940
tt3076658,33.449723,7.3,1963
tt0319343,8.754132,6.4,1007
tt3631112,10.217291,6.2,1837
tt0117571,13.326443,7.0,1520
tt0159365,9.645543,6.7,545
tt0413099,9.156877,5.3,1194
tt0265086,10.064446,7.2,1832
tt0304669,5.205729,5.5,303
tt0120082,11.264845,6.1,856
tt0343135,15.725542,5.8,795
tt1078940,15.152577,5.3,601
tt0120587,16.025625,6.0,1320
tt0477348,15.565484,7.7,3083
tt4425200,49.247505,6.7,2924
tt0094889,9.270831,5.7,330
tt0280590,6.674356,5.6,660
tt0370263,12.636205,5.6,1241
tt0118884,14.374866,7.2,1338
tt0450259,12.477872,7.4,2344
tt1060277,12.868098,6.4,2297
tt1386588,12.536621,6.1,1406
tt0111255,10.388183,5.5,317
tt0335438,10.776138,5.6,661
tt0358135,9.082538,5.9,308
tt1033643,10.054226,5.8,949
tt0243585,9.274909,5.4,632
tt1222817,11.341084,5.3,509
tt2096672,15.402597,5.4,1140
tt1219827,68.726676,5.9,2547
tt0396555,10.529576,6.7,787
tt0120917,12.297375,7.2,1544
tt0114746,12.297305,7.4,2470
tt0814314,21.708267,7.5,2092
tt1502712,17.246484,4.4,2322
tt0477080,12.697059,6.3,1193
tt0364725,11.967379,6.2,1009
tt0346491,13.498641,5.6,957
tt1915581,8.732425,6.1,1062
tt0117665,9.198283,7.3,729
tt3682448,13.707888,7.2,2633
tt0247638,7.387171,6.5,1063
tt0277296,9.488117,5.3,802
tt1204342,10.214369,6.5,509
tt2381991,17.260203,6.0,1575
tt0120179,11.268531,4.1,439
tt0317303,6.504927,5.6,526
tt0120828,18.324219,5.6,343
tt0489270,14.938035,6.1,1104
tt0430357,11.72545,5.7,494
tt0369436,7.210383,5.3,337
tt0887883,13.206799,6.5,1251
tt0800080,19.125537,6.1,3086
tt1193138,8.338562,6.7,1246
tt0190641,7.556826,6.7,336
tt1809398,10.543955,7.3,1437
tt0949731,6.22229,4.9,968
tt0415306,6.936688,6.2,497
tt0399201,11.443647,6.5,1813
tt0469641,13.332102,5.9,461
tt0373926,12.047671,6.2,400
tt0416236,11.133784,6.3,593
tt2404435,13.809622,5.9,2358
tt0397535,7.680762,7.3,670
tt3393786,15.60562,5.3,1843
tt0120663,13.268484,7.1,1266
tt0118583,15.57784,5.9,1388
tt1219289,12.114955,7.1,3888
tt0134084,9.738371,5.7,749
tt0070328,9.773768,6.4,540
tt1907668,10.973822,6.5,2449
tt0120784,9.112008,6.7,557
tt0377109,16.15818,5.5,646
tt2302755,10.978188,6.2,3010
tt0096969,13.617646,6.7,403
tt0119579,1.36737,5.0,2
tt0075265,2.447359,5.7,22
tt0110322,12.199047,7.2,636
tt2106361,9.092925,5.8,829
tt0274166,8.739991,6.0,875
tt0411477,11.928661,6.5,1555
tt0988595,10.342202,6.1,1013
tt1496025,12.345348,6.1,1885
tt1634122,10.668658,6.0,1026
tt0086006,10.231985,5.8,348
tt0103644,17.126768,6.2,1664
tt0070735,12.016821,7.9,639
tt0119698,17.166725,8.2,2041
tt0119395,11.131917,6.1,536
tt1193631,9.111782,6.6,595
tt0116040,11.995799,5.8,385
tt0105695,10.942149,7.7,1133
tt0106697,11.626116,6.4,1018
tt0401792,15.010525,7.2,2755
tt2404463,12.706403,6.5,1595
tt0463985,2.238808,6.1,1749
tt1051904,12.365292,6.2,1022
tt0099371,7.046753,5.9,359
tt1622979,12.912491,5.9,892
tt0112740,8.657365,7.0,508
tt1037705,14.39853,6.6,2207
tt4160708,25.869883,6.7,1830
tt1596350,12.366641,5.9,1411
tt2888046,8.970494,6.5,384
tt0431308,10.304881,7.0,1011
tt0327056,12.602438,7.6,1473
tt0105690,9.918269,6.1,405
tt0325703,13.076349,5.5,1443
tt0097742,11.137888,5.9,549
tt3460252,20.328822,7.6,4405
tt0479143,11.697604,6.5,858
tt1114677,6.332878,6.0,465
tt0161081,9.500497,6.3,504
tt0448011,9.806904,5.9,1528
tt2140479,13.465656,6.9,2121
tt0187738,17.05064,6.3,1556
tt2177771,11.132411,5.8,1545
tt0443489,7.739633,6.6,292
tt0252076,7.291939,5.6,493
tt0106611,8.30721,6.8,510
tt0369735,6.328385,5.6,413
tt0293508,7.682562,7.0,448
tt0840361,13.081203,7.0,1516
tt1408253,9.895752,6.1,867
tt2381941,10.035362,6.7,2588
tt0106965,5.990572,6.0,429
tt0099044,6.938921,5.8,205
tt0087363,11.333125,6.9,1629
tt0118971,10.920124,7.2,1414
tt0471042,7.762917,5.8,945
tt0432348,15.399863,6.3,1288
tt0241303,8.9256,6.8,979
tt0090264,12.840798,6.0,515
tt0101393,9.883727,6.4,360
tt0117913,13.309013,7.0,522
tt1279935,8.443736,5.9,1148
tt0378194,21.533072,7.7,4061
tt0117333,5.575992,6.2,328
tt0112715,7.260574,5.0,214
tt0408236,10.038401,7.0,1745
tt3063516,8.000867,6.0,688
tt0094737,9.562292,6.9,1022
tt0145681,8.884406,6.5,843
tt2980706,7.579855,5.8,286
tt0443274,7.001645,6.3,731
tt1605783,11.43256,7.4,2049
tt1335975,14.88937,5.9,1357
tt1023481,7.667579,6.5,658
tt2404233,13.337707,5.2,1303
tt1632708,10.009007,6.5,2306
tt1402488,9.141045,5.8,381
tt0115759,14.957626,5.7,459
tt1111422,15.09911,6.2,971
tt4644382,3.759301,7.5,58
tt0117731,8.808497,7.0,671
tt0144214,14.039655,6.1,209
tt0810913,6.620033,4.0,619
tt1091191,10.855502,7.4,1549
tt1014775,9.569765,4.9,217
tt0183505,9.95456,6.1,956
tt1071875,9.421301,4.7,1163
tt0423294,11.526339,5.9,616
tt0104070,11.017417,6.3,655
tt4786282,11.494907,6.3,1174
tt0432021,3.009134,6.1,1308
tt0329575,7.851669,6.8,219
tt0227538,9.576745,5.5,893
tt0492956,9.627676,6.0,434
tt0236493,9.958406,5.8,453
tt1411238,8.88057,6.1,1367
tt0945513,9.796962,7.1,2752
tt0117509,11.774061,6.7,1406
tt0244244,9.646208,6.1,946
tt1618442,13.412445,5.7,1345
tt0052618,14.319743,7.5,660
tt2023587,16.018525,6.0,1452
tt0088939,11.573562,7.7,345
tt0087928,8.354488,6.5,614
tt1972591,44.251369,6.5,1506
tt0758766,7.196688,6.2,569
tt0097239,10.703677,7.0,358
tt0275847,18.469238,7.1,1371
tt1568921,8.636052,7.4,701
tt1706593,12.47441,6.6,1965
tt1464540,9.388376,5.9,1606
tt0404032,10.966015,6.3,675
tt0163978,14.430311,6.3,1271
tt0413895,10.254314,5.8,300
tt2788732,12.189941,6.2,697
tt0266987,18.186839,6.8,592
tt0119643,14.026744,6.9,1174
tt1570728,10.246173,7.0,2522
tt2109184,6.188286,5.2,574
tt0386140,8.940007,5.9,909
tt3717490,23.247298,6.3,1321
tt1598822,6.948818,5.7,744
tt0250494,12.769371,6.2,908
tt0348836,10.939066,5.8,643
tt0112442,9.262184,6.5,1729
tt0257106,10.869056,5.4,1019
tt0059800,10.517835,6.5,572
tt0256380,12.520688,5.7,764
tt0116250,6.709803,5.9,122
tt0077975,7.525382,7.0,420
tt0118972,10.675073,5.9,300
tt3152624,17.310647,5.9,1193
tt0095016,16.640522,7.5,4005
tt1700841,17.56963,5.6,2310
tt1800741,7.859968,6.7,679
tt0120647,11.644633,5.9,870
tt3741834,17.085145,8.0,1699
tt0385880,15.402378,6.3,912
tt0345950,11.213712,6.7,593
tt1219342,17.674048,6.5,715
tt0069704,9.188584,6.9,330
tt0118617,11.911173,7.4,1481
tt0890870,12.233863,5.9,938
tt0079945,8.277765,6.2,541
tt0091763,18.206972,7.5,1236
tt0421729,7.622875,5.4,376
tt0104231,7.472753,6.3,294
tt0398808,8.460206,7.0,1146
tt1598778,8.244359,6.2,1351
tt0107362,9.434006,6.1,725
tt0118883,14.261798,6.5,440
tt0118615,14.386089,4.8,624
tt1412386,9.23046,6.9,468
tt0099674,17.185349,7.1,1589
tt0210945,6.587726,7.4,835
tt1924435,15.962793,6.4,1234
tt0066011,6.127903,6.6,123
tt0974661,11.362762,6.1,1388
tt0120738,12.000579,5.0,395
tt1477076,16.626655,5.8,758
tt1038919,6.715263,5.6,878
tt0283426,10.605851,5.6,278
tt0486655,14.784525,7.2,1215
tt0449467,12.60853,6.9,1083
tt0107808,8.040589,7.2,376
tt0114388,10.673167,7.2,364
tt1027718,9.819864,5.8,504
tt1204975,9.157369,6.4,813
tt0105323,14.505987,7.3,763
tt0210234,7.554848,6.4,201
tt1823664,13.275529,6.0,472
tt0107144,13.482371,6.2,463
tt2058673,7.291872,5.5,795
tt1655442,11.440948,7.3,1075
tt1596363,13.143061,7.3,2679
tt0092007,12.596956,6.9,490
tt0463872,9.671944,5.0,486
tt1790885,9.649303,6.7,1723
tt0305669,5.762343,5.4,191
tt0434409,20.214422,7.7,4562
tt1509767,6.303466,5.6,945
tt0396171,10.297304,7.1,1198
tt1272878,13.336512,6.6,1611
tt0120102,11.483493,7.0,644
tt0374536,9.276085,4.8,463
tt0332379,17.95142,6.8,1454
tt0120611,15.043454,6.5,1950
tt1401152,14.443599,6.5,1288
tt1371111,13.494246,6.6,3031
tt0463034,8.570085,5.4,421
tt0408306,9.668761,7.0,706
tt0328107,9.635691,7.3,1583
tt0116705,7.898202,5.5,583
tt1135503,8.142089,6.6,579
tt0318627,7.850797,6.1,1286
tt0783233,8.913338,7.4,1075
tt0452598,7.101422,5.8,542
tt0377092,11.454835,6.9,2401
tt0276751,10.956665,6.6,627
tt0359013,18.860681,5.7,1276
tt0186566,7.45761,6.3,407
tt0134119,11.65502,7.1,790
tt0117218,9.651581,5.4,717
tt0089755,14.004074,7.0,290
tt0427229,9.438013,5.5,407
tt3332064,11.30428,5.9,979
tt0838283,8.579638,6.5,1084
tt0120787,9.430812,6.3,320
tt0865556,6.997601,6.3,476
tt1385826,9.420301,6.5,1677
tt0425637,11.867516,7.1,207
tt0408839,9.149612,5.7,414
tt1596365,8.896679,6.1,1237
tt0141926,7.879924,6.1,345
tt0113071,15.178338,5.9,319
tt0428803,9.435123,6.9,371
tt1197624,16.639047,7.2,1522
tt2872732,36.447603,6.3,6048
tt1762399,8.883866,5.2,136
tt1424381,9.034929,6.0,1231
tt0119488,10.989442,7.7,1340
tt1956620,27.470696,5.2,1733
tt1245492,11.414048,6.2,2394
tt3522806,14.288577,5.3,1236
tt0084522,12.650546,6.1,185
tt0119345,7.417157,5.6,698
tt1731141,12.500305,6.6,2354
tt0083944,14.778884,7.2,1523
tt0333780,7.288046,5.2,386
tt0058150,13.78884,7.2,1005
tt2869728,9.420931,6.1,567
tt0350258,10.603762,7.2,481
tt0327597,16.639915,7.3,1432
tt0155267,10.961226,6.7,349
tt1454029,7.486118,7.9,1966
tt0093105,9.023282,7.1,658
tt0268695,8.918134,5.8,644
tt2980516,11.85302,7.8,3403
tt1086772,10.395472,6.6,1028
tt0436697,7.904371,6.8,344
tt0144528,6.671316,4.7,338
tt0120888,8.884035,6.5,603
tt2909116,6.542647,6.4,137
tt0319061,14.739983,7.6,2064
tt1211956,14.191611,6.7,1688
tt0049833,11.14704,7.5,358
tt0382077,6.102059,6.1,455
tt0166813,16.724836,7.4,870
tt2268016,8.76993,6.2,716
tt0396752,9.806554,6.4,742
tt0986263,16.211937,5.9,1219
tt0119715,6.456233,6.2,297
tt1057500,9.109838,7.0,1150
tt0084516,11.776326,7.1,811
tt0113855,10.870138,5.4,452
tt1392214,11.96262,7.9,3183
tt0316396,8.98628,6.9,671
tt0116253,13.106291,5.8,261
tt1860357,13.1984,6.5,1478
tt0105793,10.180776,6.5,738
tt3672840,5.462048,5.9,146
tt0829482,16.205105,7.0,2152
tt0120201,14.412644,6.7,1584
tt0414387,14.439083,7.8,1406
tt1326972,7.309903,7.1,110
tt0397313,13.876881,6.7,553
tt0093409,13.183804,7.0,1367
tt0472043,7.735233,7.3,1252
tt1389137,10.563152,6.5,928
tt0253474,14.811594,8.1,1927
tt2338151,12.58752,7.7,262
tt0111280,8.105708,6.4,461
tt0100507,14.007329,5.3,688
tt0138524,13.469862,5.8,400
tt1047540,11.746053,5.8,212
tt0215129,8.00158,5.9,550
tt0335266,11.609441,7.3,1943
tt0287717,7.164131,5.3,533
tt3640424,13.085186,6.6,1415
tt0071230,13.233262,7.2,619
tt0101921,6.584254,7.6,298
tt0318649,8.946243,5.7,440
tt0109254,11.787784,5.5,445
tt0466909,5.670679,5.3,287
tt0250797,8.96839,6.3,282
tt0361596,6.83946,6.9,403
tt4052882,13.689175,6.2,1619
tt0472062,9.979162,6.5,342
tt0139462,5.101392,5.9,198
tt4094724,13.1789,6.1,1356
tt1430626,10.271517,6.4,379
tt0106375,5.886769,5.0,175
tt0120053,10.97633,5.9,310
tt4501244,14.531429,6.3,1203
tt0120844,9.538877,6.3,402
tt2013293,9.310866,7.7,720
tt1921064,12.204174,5.2,1294
tt0486822,18.006896,6.6,1038
tt0181316,6.229424,6.1,359
tt0414982,11.872997,5.8,1000
tt1670345,17.852022,7.3,5635
tt0109446,15.263829,6.4,287
tt0356618,6.40146,5.5,359
tt0183790,10.90061,6.6,933
tt0106701,10.378902,5.5,280
tt0075148,14.774066,7.5,1843
tt1116184,10.997518,6.4,434
tt0121164,12.920032,7.2,1957
tt1499658,9.856955,6.4,2341
tt1588173,10.430238,6.4,2698
tt0308644,15.529604,7.2,1269
tt0107822,7.436758,7.1,290
tt0133952,9.019114,6.1,361
tt0257076,13.334952,5.8,780
tt0116313,10.177303,6.5,172
tt0108162,11.23297,4.9,144
tt0112641,10.137389,7.8,1343
tt0066995,12.00491,6.3,562
tt0072308,7.469056,7.1,230
tt1327773,11.061894,7.2,1134
tt0296572,5.060352,6.3,1593
tt1179056,10.40191,5.5,771
tt0332280,15.239013,7.7,3163
tt0376541,10.860952,6.7,845
tt1981677,11.03595,7.3,2310
tt0116136,23.63659,6.4,553
tt0080455,10.076901,7.5,1092
tt0091326,9.231318,5.9,457
tt0113161,12.669608,6.4,305
tt0989757,8.371479,6.6,1302
tt1007029,7.421245,6.2,540
tt0329101,14.015739,5.8,608
tt0410297,12.589019,6.5,689
tt0901476,8.33501,5.9,884
tt0277434,11.34706,6.7,531
tt1711525,8.228918,5.4,541
tt1535438,7.255301,5.8,287
tt0462590,14.21769,6.7,1092
tt1121096,15.297821,5.2,980
tt1067583,7.649466,6.7,879
tt0844479,6.727804,6.3,365
tt0200550,15.650836,5.8,590
tt1132626,10.165499,6.0,848
tt0278504,11.424974,6.8,1181
tt0113492,8.184815,5.4,643
tt0114508,13.492845,5.5,457
tt0117765,11.341502,4.4,210
tt0758774,12.886125,6.5,919
tt0462499,9.91556,6.4,1009
tt0381707,7.723341,6.3,704
tt0824747,11.672394,7.3,1151
tt0976051,7.931732,7.2,835
tt0395699,7.81645,5.8,865
tt0073629,8.699428,7.4,703
tt2140373,15.130888,7.3,1256
tt1287468,7.941637,4.9,122
tt0808510,6.74468,5.2,500
tt1292566,8.898988,5.9,1225
tt1611224,7.922636,5.5,1297
tt3541262,5.062756,7.0,62
tt0109836,14.287753,6.1,272
tt0059113,8.489499,7.4,252
tt2561572,8.178015,5.9,961
tt0062512,10.359669,6.5,541
tt0401855,12.496805,6.4,1548
tt0770752,9.4548,5.4,454
tt0093936,5.409557,6.2,151
tt0098273,9.801967,6.7,144
tt2091256,88.561239,6.5,159
tt0377818,9.039467,5.1,321
tt0113957,13.304342,5.6,359
tt0322330,7.867999,6.0,919
tt1210166,15.785663,7.0,1409
tt1621039,7.713231,5.7,259
tt0249462,12.158424,7.4,774
tt2304933,10.788263,5.6,1993
tt0280030,8.759774,6.1,304
tt0482571,16.94556,8.0,4510
tt0133240,16.141913,7.2,980
tt0375063,12.646518,6.9,484
tt0405422,11.519662,6.2,2020
tt0119174,14.825587,7.5,1556
tt0393597,15.30326,7.5,136
tt0073486,35.529554,8.3,3001
tt1129442,9.296824,5.9,1110
tt2975578,27.756026,6.6,2008
tt4438848,9.914008,5.6,1490
tt0881320,7.000775,5.8,347
tt0352248,6.363884,7.3,630
tt1093908,8.198789,6.1,787
tt1179933,14.421528,6.8,2537
tt0787474,11.563909,6.6,689
tt1638355,14.656875,7.1,2306
tt0317648,8.140709,6.5,321
tt0384806,13.088552,6.0,606
tt0120188,12.287636,6.6,709
tt0344854,11.621534,6.0,663
tt0112346,6.318445,6.5,199
tt2170439,20.903362,6.1,1575
tt3450650,17.02038,5.0,576
tt0104694,10.852038,6.8,362
tt0109040,11.247957,6.4,1684
tt0162650,7.420019,5.5,316
tt1623288,10.425038,6.7,808
tt0324216,7.810068,6.1,670
tt0110638,5.930957,6.1,128
tt0190138,12.061521,6.3,540
tt1075417,8.176147,5.4,520
tt0079417,9.741644,7.4,483
tt0257360,11.066473,6.7,365
tt1055292,7.824962,6.6,873
tt0355295,15.66148,5.6,847
tt1321870,8.581558,6.2,1805
tt1212419,7.942766,5.8,517
tt0164334,13.214068,6.1,408
tt0800039,15.106676,6.4,1194
tt1850457,13.799419,5.8,593
tt0762125,10.44244,5.6,573
tt0061722,12.057829,7.6,855
tt0078748,23.37742,7.9,4564
tt0139654,13.664622,7.3,1665
tt0371724,13.257255,6.6,1340
tt1823672,30.206365,6.6,3124
tt1524930,11.33038,6.1,1218
tt1132620,9.858687,7.4,1020
tt0114781,7.490247,5.6,217
tt3195644,10.098792,6.3,1005
tt0209958,13.234894,6.0,442
tt0299172,8.555544,5.7,405
tt0387564,23.508433,7.2,2255
tt0120832,11.604533,5.8,331
tt0099422,8.304776,5.9,258
tt1204977,13.288564,4.9,1006
tt2562232,18.193263,7.4,4657
tt0096463,8.318954,6.5,242
tt0160862,7.064982,5.7,425
tt0760329,5.083211,6.3,293
tt2209764,9.730176,5.9,2339
tt0120804,7.781293,6.4,2100
tt0425123,8.351773,6.5,595
tt0115798,7.586577,5.7,603
tt0758752,7.575696,6.6,1268
tt0117381,10.326213,7.4,644
tt1156398,11.063029,7.2,3655
tt0120873,8.462364,6.2,383
tt0363547,13.157873,6.8,1039
tt0064115,6.714577,7.4,659
tt0058331,15.11549,7.4,1217
tt0251160,8.867562,7.0,604
tt4687848,3.798504,6.2,22
tt1032825,6.212898,6.0,131
tt0338751,9.86738,7.0,1526
tt4832640,6.070606,7.0,71
tt0327162,10.81552,5.4,339
tt1560985,5.747675,4.6,263
tt0373051,10.419974,5.8,1353
tt0111438,8.907074,5.5,288
tt0910936,8.461369,6.6,1169
tt0430304,7.067602,5.3,269
tt0305711,6.001152,5.3,415
tt0116996,15.63424,6.1,1544
tt1929263,7.88371,6.1,234
tt0452694,13.682598,6.7,815
tt2446980,12.975936,6.4,1619
tt0373074,8.636632,7.2,841
tt0115956,11.595316,6.2,240
tt0137523,63.869599,8.3,9678
tt1179891,5.245883,5.3,303
tt1698641,7.861004,6.1,502
tt5442430,36.263803,6.3,1959
tt2103254,7.359522,5.0,508
tt0449059,5.320117,7.5,1728
tt0134067,5.154373,5.8,149
tt0065377,7.873018,6.2,89
tt0146838,10.571434,6.8,430
tt0116583,13.553999,6.8,1182
tt2431286,6.927182,7.4,588
tt0386117,12.36223,6.4,580
tt0410377,7.558125,5.6,341
tt0260866,6.824871,6.0,223
tt1636826,9.803023,6.5,1624
tt2631186,11.80967,7.5,138
tt0079501,11.412619,6.6,1235
tt0112870,34.457024,9.1,661
tt0120185,4.257516,4.7,124
tt0087078,10.151366,5.8,391
tt0465494,13.765241,5.9,982
tt0111301,13.58449,4.1,330
tt1327194,7.740762,6.8,981
tt0167190,13.206854,6.5,2278
tt2334873,12.61244,7.0,1126
tt2378281,6.507895,7.5,210
tt1725795,2.252517,6.6,10
tt1355683,10.61072,6.3,1262
tt3567288,15.021058,6.0,1405
tt1702443,5.892524,4.8,156
tt0375679,9.785147,7.2,1172
tt0251075,5.395127,5.7,650
tt1411250,9.596377,6.2,2066
tt0093773,18.495694,7.3,2129
tt0285823,8.843365,6.2,605
tt1103153,6.540621,5.7,792
tt0120863,9.783966,7.2,793
tt3863552,6.31224,7.7,165
tt0368578,9.756822,5.2,227
tt0486583,5.502098,5.5,211
tt0183649,9.142772,6.7,1087
tt0384537,7.938457,6.3,1093
tt1702439,7.598422,6.9,840
tt0071807,12.127492,6.4,533
tt1754656,11.376954,7.6,771
tt1092026,10.24382,6.5,1825
tt1288558,12.01525,6.4,1754
tt2262227,10.337994,7.3,778
tt1262416,10.000721,6.1,930
tt1591095,17.24814,6.8,1775
tt0215750,10.704813,7.2,1023
tt0102975,5.90057,6.7,421
tt0418763,9.997032,6.6,776
tt0084726,7.160236,7.3,688
tt0089370,10.571841,6.0,289
tt0134273,7.473718,6.1,479
tt0337909,5.109575,6.6,94
tt0337563,12.632595,6.3,1260
tt0497465,9.648539,6.7,1050
tt0338337,12.571789,5.9,594
tt1250777,17.26045,7.1,4747
tt0368008,10.796939,6.2,401
tt0056218,7.991677,7.7,188
tt0216216,8.41311,5.7,603
tt1621045,5.264551,6.9,287
tt0289879,12.994939,7.3,2119
tt1161864,7.128117,5.8,577
tt0293416,9.298092,6.8,99
tt1078588,6.793972,7.1,614
tt0320691,20.624333,6.6,2556
tt0822854,14.246918,6.9,1495
tt0477051,7.667874,5.0,434
tt0453556,11.358363,6.0,349
tt0082031,14.911301,6.5,125
tt1029360,15.968492,5.0,924
tt1564349,6.695229,6.6,166
tt1410063,6.587711,7.1,193
tt0377471,13.314233,5.4,296
tt0368933,8.248895,6.0,726
tt0453562,11.637224,6.8,795
tt1535109,13.776068,7.6,2495
tt0264472,7.81862,5.9,306
tt0947810,11.174041,6.4,730
tt0209475,8.056016,5.4,433
tt0450385,9.196884,6.5,1372
tt1860213,16.290586,5.7,1429
tt2638144,11.51021,5.3,642
tt0365737,5.768575,6.3,455
tt0109506,15.799336,7.3,980
tt0811080,7.134168,5.7,359
tt0141098,7.906035,5.1,141
tt1390411,11.696923,6.5,1300
tt0376105,4.817052,5.1,127
tt0182789,9.369918,6.9,998
tt0964517,14.141837,7.2,1512
tt0380510,12.738789,6.6,1101
tt0239395,8.142251,5.0,363
tt0313737,7.738531,5.9,505
tt2241351,11.953822,6.5,1096
tt1415283,8.983275,6.0,450
tt0465538,7.857078,6.6,508
tt0085549,9.888958,6.1,313
tt0363988,9.524283,6.4,1007
tt0098635,8.34322,7.3,974
tt0481141,9.672317,6.1,336
tt0277027,12.935016,7.2,542
tt0430922,7.646215,6.4,575
tt0430105,6.84109,6.7,617
tt0976238,9.52295,5.2,215
tt0363163,7.69224,7.7,1059
tt0397101,10.947957,6.4,588
tt0159273,11.185625,6.0,464
tt1798684,12.370126,7.3,2112
tt1155056,12.929653,6.5,531
tt0758746,14.20229,5.7,566
tt0834001,11.654958,6.2,1447
tt0375210,6.143324,5.6,267
tt0171363,8.967638,5.2,374
tt0206275,4.794088,6.3,359
tt0165929,8.369176,6.0,334
tt1833673,5.326716,6.0,86
tt0120910,14.972573,7.0,300
tt0087538,7.64499,6.9,913
tt1127180,15.809588,6.2,995
tt0177789,15.831374,6.9,722
tt0074751,5.810716,5.9,179
tt0357413,10.33012,6.7,1523
tt1538403,14.336187,6.2,1649
tt0427327,7.768045,6.5,738
tt0204946,6.402888,5.8,574
tt0309593,12.638573,5.9,1046
tt0086465,14.285052,7.1,763
tt0230030,8.781588,5.6,526
tt0309698,17.955897,7.1,1090
tt1979320,10.63552,7.7,2310
tt1226229,7.33335,5.9,626
tt2239822,15.262706,6.7,905
tt2406566,14.455104,6.1,748
tt0096754,9.809585,7.1,822
tt0070034,10.687757,7.3,489
tt0066206,14.382289,7.3,327
tt0978764,13.779527,5.9,1661
tt1126591,9.276539,6.9,581
tt0078788,13.5963,8.0,2112
tt0116908,14.482345,6.4,323
tt2184339,23.207663,6.0,2498
tt1210819,12.729104,5.9,2361
tt1486185,10.174298,5.7,958
tt0398375,6.158212,5.3,309
tt3760922,6.344961,5.6,328
tt2980648,14.466789,7.3,516
tt2911666,183.870374,7.0,5499
tt0124315,9.526781,6.9,285
tt0468492,9.386916,6.7,546
tt1895587,14.63239,7.8,2751
tt0300471,7.469778,6.0,707
tt0479997,13.471159,5.2,756
tt1758830,11.418802,5.6,909
tt0104389,6.672715,6.5,196
tt0085750,16.603041,4.2,266
tt0120177,11.366417,5.0,344
tt0473705,8.905732,6.7,489
tt0280707,14.101101,6.8,256
tt0248667,9.303104,6.7,457
tt0449089,11.511424,5.6,503
tt4682786,14.575883,6.9,1553
tt0046183,16.861533,7.0,1380
tt2194499,11.213913,7.8,2140
tt0302886,16.195894,6.6,552
tt0088170,6.197298,6.4,443
tt0102510,9.794569,6.6,556
tt0443543,11.494009,7.1,1657
tt0799949,5.549609,3.2,334
tt1706620,14.131906,6.7,2910
tt0431197,13.842333,6.5,517
tt0088011,6.827193,6.6,477
tt0427152,11.623718,5.5,542
tt0405325,8.061423,5.8,568
tt2473682,8.898523,5.2,455
tt0072431,9.339316,7.7,880
tt2005151,16.453573,6.8,1392
tt1980209,9.218002,6.1,1595
tt2626350,8.588926,6.7,649
tt2555736,5.204474,6.3,277
tt0314353,10.614987,6.4,582
tt0441909,6.302926,7.3,419
tt1517489,9.580214,4.4,228
tt3622592,9.662731,6.1,1997
tt0250687,12.330275,6.0,531
tt0431021,7.286477,5.8,509
tt0467197,10.08043,5.2,625
tt1189340,6.807442,7.0,923
tt0416320,9.020372,7.2,1134
tt0083131,11.341505,6.5,253
tt1314228,7.323405,5.1,281
tt3531824,14.9837,7.1,2262
tt0388482,11.359659,6.2,1076
tt0173840,10.223851,5.9,441
tt0082096,8.80338,7.9,623
tt0068935,11.116474,7.4,235
tt0443706,19.083823,7.3,2080
tt0255798,8.473369,4.6,310
tt1073498,6.416753,3.8,370
tt2568862,15.157255,6.6,543
tt1616195,9.529382,6.0,766
tt0866439,6.417385,6.0,410
tt0151738,7.257679,5.8,378
tt0069113,10.341849,7.3,274
tt1920885,2.238595,6.3,12
tt0090633,11.928545,6.6,344
tt0452681,6.829528,5.0,241
tt0095489,13.631352,7.0,660
tt0032910,14.202284,6.9,1412
tt0477071,10.163764,5.8,391
tt3397884,19.511221,7.2,2465
tt1392197,12.285545,5.0,150
tt1872194,17.887943,7.2,1433
tt1464174,7.564777,5.3,322
tt0208092,14.014025,7.7,2953
tt0102685,11.453093,6.9,861
tt0080339,13.063203,7.1,1104
tt0032455,8.03796,7.2,831
tt0067093,9.227244,7.4,136
tt0221027,12.332223,7.4,1352
tt0457430,26.817754,7.6,3122
tt0464154,8.212132,5.3,599
tt0480687,9.13273,5.4,627
tt0498381,24.535733,4.8,1075
tt3331846,6.493765,7.0,103
tt1615065,13.248022,6.2,784
tt0408345,6.500892,5.6,270
tt0289043,17.656951,7.1,1816
tt0387131,11.556484,6.9,428
tt1939659,18.399055,5.8,1505
tt0482606,8.845536,6.0,509
tt0367959,2.159558,6.0,666
tt0127536,7.566321,7.2,346
tt0327554,13.340272,4.2,833
tt1600195,10.512109,5.6,987
tt0064757,9.356264,6.5,464
tt2679042,10.721799,5.5,1183
tt4361050,10.182974,5.8,735
tt0066026,7.701349,6.9,238
tt0114885,3.859495,6.1,34
tt2169322,2.32186,6.3,42
tt1591479,12.159818,6.3,420
tt3717252,20.02976,5.2,1619
tt0268397,7.308162,5.6,235
tt0327850,8.304835,6.4,523
tt0450278,12.093928,5.7,913
tt0425112,13.535195,7.4,2252
tt1666186,8.129407,4.2,326
tt2281587,7.244956,6.2,318
tt0373883,11.607678,5.9,510
tt0457510,12.042646,5.6,368
tt0313542,8.810961,6.9,354
tt0181536,10.536255,7.0,305
tt0087277,10.403992,6.4,525
tt3540136,2.162781,5.8,29
tt0242445,12.280827,5.3,111
tt0091129,8.236472,5.6,311
tt0884732,12.21459,6.5,632
tt1586265,7.271503,5.8,611
tt0071455,6.657792,5.6,76
tt0086567,8.321647,7.0,517
tt0301357,10.605595,7.4,602
tt0098554,8.13754,6.6,338
tt0082198,10.52008,6.6,663
tt0119303,8.04209,5.1,632
tt0057076,12.536729,6.9,773
tt1355630,9.659244,7.3,1415
tt0083511,15.297121,6.5,364
tt0095705,15.698222,7.1,1020
tt2702724,7.533146,5.5,441
tt0119038,6.122739,7.7,408
tt0233469,10.175503,5.5,431
tt0795461,14.27281,4.6,813
tt0088247,19.293562,7.4,4208
tt0822847,8.259952,5.4,710
tt0097637,5.772293,5.5,209
tt2473510,9.185701,5.0,435
tt0780504,15.388875,7.4,3832
tt0204313,13.02369,4.7,189
tt0103060,7.994266,5.8,290
tt0340163,9.686638,6.2,519
tt0443632,12.915358,5.8,230
tt0120780,7.349812,6.5,338
tt0284490,4.917863,5.3,286
tt0083987,12.383755,7.4,730
tt1922777,12.490637,6.8,1611
tt0245562,7.455875,5.8,345
tt0481369,8.140941,6.3,1045
tt0240890,5.715737,6.6,529
tt1212436,6.629999,5.7,468
tt1601913,14.31675,6.4,1476
tt0469494,8.200627,7.9,1581
tt0091605,11.469751,7.2,739
tt2023453,10.225555,6.0,229
tt2823054,12.237571,5.9,901
tt4262980,9.285519,6.6,152
tt0382992,13.89018,4.9,341
tt0393162,11.093737,7.3,510
tt0286499,6.262677,6.2,593
tt1139668,7.108555,4.8,373
tt0307987,10.930143,6.4,666
tt0138749,8.755188,7.0,892
tt0475276,10.527141,6.9,377
tt0094226,11.062203,7.6,1424
tt0435705,9.41746,5.9,880
tt1166100,4.23908,6.9,84
tt0120769,2.917013,5.9,44
tt1124035,6.82647,6.5,924
tt0139134,8.181065,6.6,848
tt0086393,9.614638,5.3,500
tt0303714,6.498789,6.2,139
tt0285531,7.694847,5.2,574
tt1196141,12.139919,5.9,369
tt0107688,17.730913,7.6,2135
tt0265662,10.991137,6.5,112
tt0775539,5.607508,6.1,90
tt0389722,8.764548,6.2,784
tt0104691,15.228794,7.1,747
tt1488555,6.906145,5.9,753
tt0245844,10.765924,7.3,463
tt0959337,12.265867,6.8,824
tt4034228,12.821257,7.5,1553
tt0116409,10.789928,6.4,238
tt1282140,15.138144,6.7,2282
tt1226273,9.554067,6.2,496
tt0102713,2.960942,5.9,57
tt2554274,13.492684,6.4,1494
tt0156934,4.140398,5.3,63
tt0765446,11.617481,5.7,337
tt0120681,7.79014,6.6,758
tt0349710,7.650411,6.2,213
tt0414055,7.608243,6.6,310
tt0298814,11.664861,5.5,531
tt0107076,7.834351,6.1,237
tt1322269,6.954296,6.9,497
tt0095776,10.813579,6.5,372
tt0096794,5.443097,6.0,136
tt5071886,2.017961,5.9,21
tt0118607,2.263584,6.8,324
tt0174856,5.716009,7.2,401
tt4257926,7.528099,6.8,191
tt1198138,7.175154,5.1,138
tt0452608,13.53003,6.0,1205
tt0149261,7.493615,5.6,616
tt0123964,7.579444,6.4,179
tt0094721,10.627364,7.1,1475
tt0419887,5.970067,7.3,405
tt1859650,7.812646,5.6,564
tt0242423,10.890236,5.3,523
tt1034331,7.094624,5.9,382
tt0457433,9.925255,5.4,242
tt0785006,6.317992,5.7,205
tt0414853,6.984949,5.3,230
tt0493430,7.915368,6.4,306
tt0267804,9.769047,5.7,445
tt2938956,11.007319,5.3,573
tt0146336,6.081401,5.6,293
tt0095742,8.120317,5.8,287
tt0790686,8.612618,6.0,494
tt1650043,8.425361,6.3,250
tt0067927,5.184013,7.1,110
tt0338013,12.906327,7.9,3758
tt0082136,6.693055,6.2,161
tt0327437,7.825072,5.7,687
tt0364970,9.273808,5.4,687
tt0058385,12.494394,7.4,361
tt0443295,10.238422,5.7,233
tt0190590,12.434175,7.3,1144
tt1245526,12.595165,6.6,2858
tt2083355,6.102021,6.7,110
tt2199571,16.838145,6.3,1169
tt0120889,11.218378,6.8,596
tt0265666,9.707542,7.4,1317
tt0097958,9.802574,7.1,668
tt0076618,11.32442,6.7,609
tt1418377,9.415817,5.1,701
tt0329774,19.144611,4.7,565
tt0227445,14.741992,6.7,436
tt2193215,14.723646,5.0,724
tt1648190,50.903593,5.7,688
tt0056937,8.591238,6.7,148
tt0160797,10.278274,6.0,178
tt0366174,10.749404,4.9,200
tt0107048,12.989627,7.4,2358
tt0237534,11.564252,6.6,404
tt0083943,8.97528,5.5,141
tt0074119,12.421754,7.6,424
tt0852713,9.920106,5.6,548
tt0098382,12.308007,5.6,384
tt2239832,7.576924,6.3,229
tt0091042,12.724645,7.5,1340
tt0103859,6.506983,5.4,139
tt0356470,8.385361,6.1,737
tt0381849,18.079094,6.9,1210
tt0077651,13.672759,7.4,1066
tt1187043,7.675621,7.8,850
tt0405094,9.02255,7.9,977
tt0056172,10.893332,7.8,870
tt0206634,14.114606,7.4,2120
tt4302938,12.321832,7.7,982
tt0381971,12.602502,6.1,109
tt0478087,8.33756,6.5,1406
tt0088161,8.441602,6.1,328
tt0476964,11.8027,6.4,258
tt0083642,2.171346,5.9,41
tt0219854,15.045725,6.0,242
tt0364751,6.046516,5.3,217
tt0454841,18.960549,6.1,726
tt0424774,6.477862,4.4,278
tt4172430,18.022579,7.0,963
tt0762114,7.102076,5.3,258
tt0120595,6.229629,5.3,312
tt1135084,7.000421,6.1,399
tt0372237,6.71898,5.5,230
tt1430612,7.482959,5.7,628
tt0397065,7.163099,5.5,696
tt1234548,6.253084,5.9,755
tt0090329,10.312017,7.0,390
tt0062622,22.494622,7.9,3075
tt0253867,8.889064,5.3,286
tt0457400,7.642063,5.4,387
tt0498380,11.649588,7.2,553
tt1911644,8.611077,6.6,1275
tt0318155,13.666488,5.6,302
tt0235679,10.264597,6.0,143
tt0087957,9.190328,6.6,91
tt0480242,8.936547,6.5,363
tt0443701,9.863584,5.5,534
tt0288477,13.955376,5.3,540
tt0316356,16.532577,7.0,268
tt1185834,8.524857,5.8,434
tt1298649,13.276971,5.3,899
tt1748122,8.692433,7.6,1701
tt1233227,17.360894,6.0,755
tt1966566,0.595196,5.7,93
tt0186151,10.163266,7.0,473
tt0495596,9.409701,6.5,278
tt1038686,13.795875,5.2,643
tt0185125,10.000915,7.4,337
tt3210686,6.477292,5.9,83
tt3832914,5.384163,6.9,92
tt1320244,6.397109,5.6,330
tt0118655,11.749159,6.5,1033
tt0086383,9.737907,6.5,210
tt0219965,13.136791,6.2,307
tt1742044,6.447072,6.8,257
tt0253754,11.367801,6.1,488
tt0120890,13.924623,6.3,454
tt0357507,9.704289,4.6,194
tt0080549,2.847277,7.2,67
tt1578275,7.513067,5.2,306
tt3595298,2.864948,5.6,39
tt0435651,12.472206,6.4,1859
tt0151137,9.471838,6.2,373
tt0455857,5.149058,5.4,273
tt4877122,33.694599,5.8,327
tt1564585,7.676017,4.7,516
tt1020072,7.107071,7.4,835
tt0092925,7.907938,5.7,139
tt1259521,14.811958,6.6,2314
tt0277371,9.101896,5.5,444
tt0426931,8.874048,7.2,821
tt0400497,9.35239,5.1,559
tt0113820,7.024227,5.2,153
tt0280486,9.540021,5.4,232
tt0418689,9.224494,6.7,532
tt0086250,11.299673,8.0,3017
tt0107207,7.405895,7.6,363
tt0230838,14.840318,6.4,292
tt0120631,13.309701,6.8,408
tt0450232,11.887779,6.2,675
tt1655441,10.542026,7.4,2052
tt1529235,6.700081,6.6,395
tt0421073,13.246795,6.3,369
tt0325805,5.539265,6.9,515
tt0205000,6.567794,5.4,314
tt0295721,5.892859,5.5,367
tt0364045,7.85646,6.0,356
tt1440728,7.275649,5.8,488
tt0337579,8.353739,5.7,77
tt4975722,14.171675,7.3,1831
tt0086361,4.860672,4.7,93
tt0200465,8.732701,6.6,708
tt1093357,8.127392,4.8,474
tt1231587,11.967652,5.9,911
tt3095734,14.801195,6.0,209
tt0424095,9.922577,6.0,909
tt0349825,8.248999,7.0,162
tt0271027,7.637345,6.4,304
tt2671706,11.599716,6.7,750
tt1054606,6.859934,6.3,885
tt0114576,5.23158,5.5,174
tt0406375,10.695639,6.1,808
tt0322802,14.095586,6.1,355
tt0120885,7.603652,6.7,273
tt0463854,12.884191,6.5,1225
tt0810819,11.245661,7.4,1689
tt3882082,17.028854,5.8,1133
tt2918436,5.840554,5.1,517
tt0104952,7.922216,7.3,393
tt1462900,8.959821,6.3,280
tt0871426,10.901355,5.8,205
tt0482603,6.212702,5.1,102
tt0993842,8.071196,6.5,1284
tt0257756,8.371005,6.1,187
tt0103241,11.787942,6.7,265
tt0475290,11.241366,5.7,1338
tt1068242,6.162257,6.4,438
tt0086200,6.505209,6.4,340
tt0106770,5.079464,6.8,156
tt1980929,10.289628,7.3,1285
tt0098439,7.507261,6.1,468
tt2053463,11.645847,6.4,1340
tt1517260,11.342024,6.0,1859
tt0891527,5.80986,6.0,223
tt0301470,14.786032,5.5,304
tt1524137,10.595067,6.1,777
tt2726560,10.264416,7.3,1083
tt3713166,10.07817,5.5,1092
tt3799694,16.075615,7.0,2382
tt0444682,9.825841,5.4,209
tt0322589,11.863954,6.0,313
tt2364841,8.864607,5.5,547
tt0104036,7.404329,6.9,180
tt0095159,11.400353,7.1,576
tt1045778,10.087637,4.6,538
tt0338512,5.300303,6.9,185
tt0090966,9.970485,5.9,67
tt0238112,9.243715,5.6,146
tt2381111,7.991613,7.2,1235
tt0417148,7.418574,5.1,504
tt2112124,4.19356,6.5,91
tt0102803,10.536644,6.3,265
tt1305797,4.330396,6.5,46
tt0110093,3.570874,5.3,41
tt3819668,11.350372,6.8,377
tt0120657,10.308026,6.4,524
tt0790736,9.369679,5.4,1280
tt2404425,11.61,7.3,454
tt3850590,15.553313,5.9,601
tt0089218,14.280703,7.4,1563
tt0099582,11.890138,6.3,413
tt1201167,9.900376,5.6,398
tt0085995,7.747432,7.1,412
tt0367479,11.945666,6.0,227
tt1043726,6.599539,4.4,542
tt0100157,15.020845,7.6,1085
tt0390022,13.041943,7.0,154
tt3488710,9.425787,6.9,1151
tt0275022,6.631356,4.7,161
tt0393735,4.878907,4.5,138
tt4535650,4.081193,6.3,68
tt1657507,8.062578,6.5,848
tt0075005,16.641277,7.2,485
tt0183523,9.021107,5.7,374
tt0097481,9.01086,5.7,85
tt2334871,11.214779,5.2,207
tt0196229,10.40782,6.1,1363
tt0399146,11.119707,6.9,850
tt1022603,16.376657,7.2,2993
tt1650554,13.570264,6.3,2275
tt0091064,13.534589,7.1,1038
tt0116282,12.61469,7.7,2080
tt0119468,12.235391,6.2,353
tt0422720,8.852557,6.5,662
tt1186367,9.163897,6.2,384
tt0315733,6.372278,7.2,943
tt0340855,7.189024,7.0,500
tt0140352,11.3569,7.3,489
tt3862750,7.607052,5.6,162
tt1028576,7.681383,6.8,103
tt1139328,6.76482,6.7,681
tt0115857,15.874491,5.3,291
tt0963178,6.583609,6.0,373
tt2243537,6.531373,5.4,523
tt1391137,2.576815,6.1,29
tt1559547,20.485203,5.6,1017
tt0120094,7.390306,7.1,115
tt1135487,9.097953,5.7,203
tt0057193,13.266545,7.0,142
tt0080801,10.973482,7.1,251
tt0054331,11.110376,7.3,472
tt0343737,11.057536,6.3,342
tt0491152,5.47309,5.9,304
tt0195945,10.06545,6.5,145
tt0080761,12.146747,6.4,622
tt0089155,6.040486,6.8,210
tt0055928,19.931606,6.9,953
tt1441951,6.93228,6.4,141
tt0102266,10.550259,6.5,502
tt0158622,6.053595,4.4,140
tt1336608,12.558042,6.0,392
tt1563738,11.239012,7.0,1006
tt0263488,10.414363,6.1,731
tt0452625,7.456047,5.6,454
tt4178092,8.585856,6.7,1077
tt0082158,6.877698,6.9,213
tt0160916,5.769957,5.9,75
tt0328589,8.508008,6.4,178
tt0080453,11.578578,5.8,422
tt0068638,10.037593,7.0,120
tt0313911,10.445141,5.0,289
tt1126618,10.771255,6.1,420
tt0104437,12.337898,4.8,272
tt0116669,6.287245,5.9,340
tt2238032,10.912208,5.5,181
tt0417001,9.378926,5.8,142
tt0142688,11.316349,6.3,768
tt1232200,8.923755,5.5,460
tt0120148,9.7866,6.6,363
tt0346156,9.64113,5.7,445
tt0094142,6.573364,6.0,147
tt0421239,6.336927,6.2,471
tt0775552,11.618472,5.3,254
tt4383594,10.000208,5.5,289
tt1448755,8.046632,6.1,703
tt0303933,5.270187,6.2,118
tt0101507,6.866506,7.4,377
tt0088944,10.193652,6.4,753
tt0494238,13.570926,6.0,610
tt0398017,10.600475,6.1,322
tt0098084,8.365761,6.4,417
tt0117420,7.941972,5.3,126
tt2872518,16.392712,6.9,330
tt0108147,12.986842,5.9,384
tt2101473,13.332387,7.2,365
tt0096446,9.918312,6.9,484
tt0455612,4.304175,6.0,77
tt0351977,10.577565,6.0,387
tt0105699,6.477258,5.8,63
tt0100403,11.736241,6.0,743
tt0475394,7.906434,6.4,541
tt0884328,8.435642,6.7,1438
tt0083564,8.997507,6.2,203
tt0184894,10.308442,6.2,756
tt0139414,13.787108,5.5,251
tt0264935,9.645801,6.0,275
tt0120633,9.353499,6.1,113
tt0357277,13.802674,4.9,590
tt0061735,5.032469,7.6,174
tt0108358,11.338194,7.4,632
tt0306685,8.364587,5.8,242
tt0337921,5.918816,6.1,548
tt0179626,12.149946,5.7,194
tt0406759,8.233662,5.5,284
tt0425210,11.15092,7.4,1356
tt0120679,11.283472,7.3,397
tt0758758,15.423538,7.8,3139
tt5606538,1.75859,6.2,5
tt0384642,9.875573,5.6,179
tt1403981,8.307719,6.9,980
tt3735246,4.683689,7.2,71
tt0419706,11.953553,5.0,619
tt1608290,10.155109,4.7,814
tt0223897,10.479723,7.0,447
tt0065421,9.834047,7.1,1287
tt0987918,1.792402,4.7,24
tt1385867,14.313079,5.3,518
tt0306841,6.730857,5.8,292
tt0313443,10.738888,6.1,305
tt0119223,9.941228,6.4,131
tt0082484,8.341166,7.2,111
tt0477302,7.82605,6.9,726
tt0790636,14.785719,7.9,2973
tt0906108,2.016044,6.1,33
tt0429589,7.000272,5.5,375
tt0265349,8.50563,6.1,307
tt0765443,9.897909,7.2,867
tt0120694,8.619068,5.7,306
tt0371246,11.202764,5.8,375
tt3628584,8.468401,6.2,171
tt0406816,10.031817,6.8,394
tt0289848,9.927412,5.7,385
tt2372222,7.366331,6.0,51
tt0077402,19.24201,7.4,597
tt0091541,7.054864,6.2,288
tt0455407,10.914556,6.2,649
tt0498399,7.572144,6.5,327
tt2170593,13.655752,7.1,770
tt0383010,13.371056,4.9,143
tt0132245,5.310558,4.5,180
tt0330793,18.250919,6.1,786
tt0122718,10.03936,6.2,522
tt0478304,11.204539,6.5,1009
tt0374102,10.652818,5.3,320
tt0433383,7.523098,6.8,274
tt1013753,10.680121,7.1,628
tt1781922,14.13262,6.7,798
tt0249478,6.353996,5.4,115
tt0093378,6.476534,6.8,120
tt0079758,3.579175,5.4,25
tt0084855,9.596883,7.4,132
tt1195478,12.84554,5.7,466
tt0108333,6.34785,6.2,219
tt0117918,6.24966,5.9,152
tt2011159,24.644321,5.6,182
tt0875034,5.658857,5.1,169
tt1212450,7.968423,6.8,1055
tt0420223,10.798092,7.1,743
tt0372873,6.280906,4.0,104
tt0147800,12.069966,7.3,1768
tt0195714,14.961416,6.4,1416
tt0070511,15.698433,7.8,445
tt1787759,2.503594,6.7,51
tt0099052,5.418428,6.2,445
tt1064932,7.250134,6.7,638
tt0134847,6.424399,6.7,1812
tt0365907,14.914924,6.2,1145
tt0099487,17.612244,7.5,3731
tt0093870,13.485583,7.1,1494
tt0265298,4.643981,5.6,202
tt2752772,17.602928,5.5,605
tt1179034,6.885593,6.2,684
tt2172934,17.861119,6.0,896
tt2305051,11.209154,7.0,961
tt3181822,10.200398,4.1,1034
tt2978462,8.268684,6.7,98
tt3530002,10.516094,6.1,548
tt0259288,4.924078,6.2,209
tt0402022,12.201912,5.4,717
tt0938330,5.745206,5.1,435
tt0090863,11.613655,6.7,297
tt0092005,15.206957,7.8,1568
tt0316465,5.81647,6.8,146
tt0265459,10.753445,6.6,444
tt0062994,4.651946,6.9,90
tt2025690,10.385757,6.3,597
tt0368709,11.82081,6.1,335
tt0086879,12.677592,7.8,1107
tt0093300,9.327986,3.5,227
tt0300532,6.455738,5.6,164
tt0278435,6.681287,6.2,268
tt1123373,7.17548,6.5,101
tt0078966,4.621214,7.0,99
tt0117011,7.370163,5.3,104
tt0094746,4.619593,6.4,72
tt2967224,6.90658,5.4,659
tt0088847,12.627678,7.8,2189
tt0433362,10.038613,6.0,646
tt0119707,6.532498,3.8,225
tt0092699,8.627019,6.8,101
tt2387559,13.548808,6.2,561
tt1034303,13.990891,6.7,580
tt1458175,9.591425,6.9,927
tt0329717,11.080439,5.0,172
tt0110622,10.587232,6.4,535
tt0075223,8.254209,6.8,101
tt0472399,9.832342,6.3,1066
tt0443536,6.398984,6.0,491
tt2870756,6.626077,6.5,749
tt0287467,6.648278,7.5,273
tt2199711,1.542355,5.5,25
tt0053285,14.276169,6.8,1332
tt0372588,11.428941,6.6,667
tt0918927,9.278263,7.0,445
tt0094812,6.924072,6.6,154
tt0420238,12.364579,5.8,260
tt0342258,7.90583,6.6,531
tt0104868,6.113646,6.4,203
tt0075784,7.719173,7.0,210
tt0061418,12.109198,7.6,384
tt0144120,13.018491,5.5,366
tt0765476,11.542926,5.1,381
tt1205537,11.234862,5.9,1194
tt4572514,14.547939,6.8,631
tt0332047,6.734065,5.9,186
tt0485985,7.145835,5.9,180
tt3322364,7.739783,7.0,844
tt0272152,12.400152,7.1,710
tt0110632,11.226856,6.9,927
tt0082340,10.124544,6.9,720
tt0118771,7.926621,6.6,202
tt0056197,10.770928,7.3,237
tt0118548,7.66124,6.4,226
tt0145531,9.304144,6.0,248
tt0114887,9.715639,6.5,168
tt0430770,6.62363,4.6,96
tt0056085,7.281721,6.6,83
tt0077416,7.729445,7.8,943
tt0062430,2.474398,6.7,30
tt0889573,5.695408,5.9,599
tt0113627,10.332025,7.1,365
tt0097815,5.304376,6.7,222
tt0815236,8.101247,5.9,544
tt0350028,12.448933,5.9,195
tt0116654,12.725343,4.6,148
tt0455824,9.566135,6.3,712
tt0465551,8.593087,6.9,239
tt1674771,14.013413,6.2,502
tt0101516,5.516316,6.0,83
tt0387877,6.506572,5.7,292
tt2316801,19.628834,5.8,669
tt0379725,6.01272,6.9,394
tt1321509,10.863441,5.5,248
tt1849718,2.589507,6.3,46
tt1826590,9.543004,6.0,217
tt0110725,6.678661,4.6,109
tt2025526,7.030308,6.7,68
tt2357377,7.453745,6.5,56
tt4136084,10.829116,6.7,409
tt0099365,8.899418,6.2,304
tt0203019,7.177649,7.0,556
tt0816462,10.949076,5.2,612
tt1341188,5.458387,4.9,229
tt1723642,10.409049,5.0,214
tt0118661,9.562953,4.4,205
tt0100814,15.750026,6.6,882
tt0466342,5.682129,3.6,225
tt1440232,7.594334,7.1,396
tt0175880,9.091636,7.5,844
tt0472033,18.502877,6.6,1291
tt4824302,8.309565,5.8,391
tt1438254,6.273131,6.8,589
tt0104797,14.207001,7.3,377
tt0119173,9.37934,6.0,404
tt1855199,7.45279,7.2,1186
tt0117372,4.182641,5.4,55
tt1711425,11.29356,5.7,748
tt0111143,7.881107,5.4,140
tt0455590,9.424157,7.4,568
tt0105414,7.246119,6.0,139
tt1937339,2.700233,8.0,56
tt0087781,12.319855,7.0,162
tt1028532,8.621359,7.7,1769
tt0489237,6.764056,6.1,335
tt0446029,13.793301,7.2,2185
tt0102526,12.979446,6.3,134
tt0071562,36.629307,8.3,3418
tt0929632,8.293548,6.9,426
tt0125664,13.217419,6.9,444
tt0100477,1.562471,6.6,303
tt0099739,7.176601,5.6,141
tt0181875,9.086699,7.4,807
tt1465487,5.546687,6.5,388
tt1798709,13.829515,7.9,4215
tt0116830,11.845918,6.2,263
tt1572315,7.214828,5.3,475
tt0372532,5.615303,6.2,238
tt0146882,8.524956,7.0,636
tt1596346,11.009053,6.9,355
tt1276104,12.727269,6.6,4777
tt2476154,1.250293,4.6,8
tt0071110,8.480501,5.5,79
tt0098282,17.367336,6.4,220
tt0120772,6.715856,5.6,75
tt0099685,15.424092,8.2,3211
tt0418819,9.478117,6.0,395
tt0120791,7.757795,6.3,348
tt0072890,7.530126,7.6,685
tt3416532,24.483893,6.8,1023
tt0094894,5.529808,6.6,100
tt0329691,5.574983,4.7,121
tt0432283,8.695893,7.5,1206
tt0430308,9.820229,6.3,188
tt0441048,3.81393,5.9,69
tt0093058,13.94148,7.9,2595
tt0497116,6.684925,6.7,257
tt0074483,7.550133,6.7,232
tt1568338,10.528173,6.2,936
tt1904996,13.963892,5.7,1467
tt0432291,9.929809,3.8,191
tt0118715,15.952524,7.8,3001
tt1083452,7.528276,7.2,682
tt0068473,8.476681,7.2,441
tt0374900,10.287419,6.7,567
tt1213663,9.830382,6.7,1820
tt3231054,8.759801,5.7,300
tt0100114,5.845712,5.6,100
tt2178470,4.262544,7.1,80
tt2883512,8.720309,7.2,1203
tt0119978,6.683398,6.7,239
tt0096933,6.973408,6.2,250
tt0088850,6.526379,6.5,144
tt0412019,6.589304,6.8,359
tt1334512,9.698075,5.3,270
tt0100502,10.969876,5.6,498
tt1226753,8.426611,6.2,261
tt0220099,7.023414,6.3,146
tt0238546,8.436243,5.5,247
tt0465580,11.596222,5.9,671
tt0103074,14.785388,7.2,766
tt0061578,15.640007,7.5,309
tt2183034,12.412221,5.7,294
tt0110413,20.477329,8.2,4293
tt1273678,6.663422,5.5,351
tt1540011,11.901343,4.9,590
tt4799050,24.317924,5.6,336
tt0082250,7.965003,6.1,74
tt0285742,6.341187,6.6,254
tt1661382,11.655588,6.0,437
tt0118887,9.15931,6.6,384
tt1234719,5.627787,5.3,573
tt0093629,10.035081,6.5,363
tt0064665,10.579988,7.4,307
tt0096487,9.905174,6.6,262
tt1125849,7.903956,7.3,1031
tt0120768,7.65502,6.8,593
tt0265632,4.195694,6.6,68
tt0107034,7.873794,6.2,202
tt0378109,10.022102,5.8,466
tt1018785,4.631978,6.1,244
tt0266465,17.714247,5.8,261
tt1065073,6.430591,7.5,2008
tt0119896,4.347079,5.1,114
tt1582507,8.513457,5.6,566
tt2932536,52.854103,5.1,548
tt0094862,19.827546,6.3,605
tt0375568,13.293466,6.1,420
tt0105104,18.451321,5.6,264
tt2388715,8.698043,6.3,1079
tt0081505,19.611589,8.1,3890
tt2234155,0.393865,6.1,1691
tt0093389,11.076971,7.4,362
tt3369806,7.987747,6.8,282
tt0300556,6.982762,5.4,324
tt0293662,13.217421,6.6,1724
tt3316960,8.823253,7.5,1126
tt0094291,11.672701,7.0,557
tt4513674,9.2467,6.4,826
tt0055614,8.389903,7.0,399
tt0494652,4.386145,5.7,58
tt0758794,5.401746,6.7,189
tt1666801,8.592449,6.8,1372
tt1343097,8.405013,7.0,451
tt0481536,13.065315,6.2,508
tt0095253,11.666172,6.4,155
tt0765010,9.108917,6.8,650
tt1152398,7.364563,5.9,878
tt0118749,7.595679,7.5,812
tt0253556,13.067306,6.0,684
tt2312718,9.896704,6.4,898
tt0071771,9.460843,6.4,71
tt1700258,5.24461,6.4,103
tt0079116,11.837667,7.3,581
tt3569230,11.187833,6.7,994
tt0479884,12.627593,6.6,1172
tt0882977,13.542675,5.8,1155
tt0391304,10.596719,6.5,329
tt0264395,14.327717,6.2,290
tt0091187,7.390012,6.5,270
tt0093493,8.525782,5.5,130
tt0214289,4.052991,6.4,81
tt2309260,7.51505,4.9,370
tt0814022,6.576009,5.0,336
tt4649416,7.288877,5.4,195
tt2279339,5.660649,5.4,169
tt0081633,9.841623,6.6,255
tt1188996,11.264586,7.7,237
tt1220198,13.751992,5.8,451
tt0085255,10.456371,5.9,117
tt0062765,7.01973,7.0,273
tt0452637,8.704554,5.3,415
tt0116225,12.229381,5.6,381
tt1007028,6.449332,6.1,734
tt0380599,12.369935,6.7,283
tt2720680,8.253705,6.2,285
tt0401445,7.82187,6.5,360
tt1322312,6.876053,6.0,271
tt0887912,9.403724,7.2,1881
tt0108308,8.13688,5.1,189
tt0116118,5.147819,6.0,64
tt0048960,6.164226,6.5,85
tt0119008,12.201954,7.4,1175
tt0101889,11.184385,7.2,346
tt1694020,7.479014,5.4,287
tt0072081,6.501177,6.7,138
tt0811138,6.258666,4.3,243
tt0758730,10.793324,4.9,758
tt0061452,13.300519,5.3,153
tt0780571,7.423812,6.8,543
tt1023111,14.753931,6.5,511
tt0122690,9.672094,6.8,670
tt0279493,5.00725,5.5,113
tt0274558,14.686487,7.0,461
tt1148204,8.730934,6.7,1296
tt0117603,6.85606,6.9,66
tt0360201,14.224013,6.0,303
tt0099700,14.383185,6.3,664
tt0421206,5.025475,6.6,210
tt1588337,4.476836,6.5,93
tt2763304,17.645877,7.1,795
tt0298228,11.040186,7.1,114
tt3722070,5.799373,6.0,225
tt0091738,7.471655,5.9,138
tt3623726,16.778946,5.6,273
tt0255477,6.463613,5.6,144
tt0379865,9.37102,5.7,131
tt1371150,11.313659,6.5,512
tt0483726,7.018483,5.8,129
tt0119951,10.928417,6.7,106
tt0281358,8.054499,7.5,1057
tt0116483,9.592265,6.5,767
tt0463998,13.585233,7.6,368
tt0067116,6.694959,7.4,435
tt0082186,7.50381,6.8,208
tt1343727,12.1524,6.6,1971
tt0455967,7.810301,5.9,375
tt2424988,1.812728,7.0,33
tt0091778,6.701138,5.8,172
tt0089791,11.461437,6.6,239
tt1794850,3.81584,5.3,98
tt0106856,10.175138,7.2,837
tt1082868,6.140116,5.6,343
tt0185371,10.187278,5.5,211
tt1034032,9.730681,5.6,778
tt0081974,3.21594,6.8,42
tt0098471,3.96986,6.0,49
tt0083791,13.524001,7.3,233
tt1622547,9.763493,5.6,537
tt1265990,8.453293,5.3,230
tt0096928,15.109261,6.7,464
tt0499556,12.077833,6.0,422
tt4263482,11.840138,6.3,1471
tt0086837,7.482865,6.6,290
tt0082979,5.463216,7.1,70
tt1656190,8.234382,6.3,808
tt0133751,13.462253,6.2,500
tt2402927,8.364201,7.3,1014
tt0275491,7.66414,7.1,223
tt0124298,8.355977,6.3,247
tt0180734,7.674549,6.3,126
tt0317198,7.78817,6.1,775
tt6003368,28.176992,6.1,48
tt0881891,9.288013,4.7,302
tt2870612,10.846585,6.1,788
tt0091167,9.57874,7.6,224
tt3387542,7.384688,4.8,478
tt0168629,10.684806,7.7,392
tt0130018,11.023042,5.1,381
tt0065466,3.129943,6.6,53
tt0080487,10.451986,6.7,370
tt0209144,15.450789,8.1,4168
tt0119396,16.415498,7.3,1580
tt0102614,6.892056,5.9,113
tt0107120,10.390708,6.5,491
tt1263670,9.347931,6.8,279
tt0146984,9.034884,6.4,259
tt0231402,6.640385,4.7,149
tt1311067,7.490807,5.1,273
tt0458481,20.623642,6.3,1314
tt0112818,6.891317,7.3,350
tt0492389,10.794556,4.6,150
tt0092666,6.696292,5.6,115
tt1213012,8.16645,5.3,125
tt0329028,9.280038,4.1,211
tt1306980,11.869481,7.0,1287
tt2039393,8.728556,5.7,550
tt0433386,6.768804,5.3,288
tt0084749,3.523637,5.6,30
tt0100395,2.523655,6.3,53
tt0403508,9.263965,6.3,396
tt1186830,8.029671,6.9,404
tt0831887,5.762005,4.7,323
tt1305591,7.24717,5.6,202
tt0289992,9.930326,7.3,497
tt0379786,11.919995,7.4,1287
tt0409904,7.42908,6.2,170
tt0157472,5.373623,4.9,89
tt0450345,9.423256,4.0,355
tt0091419,7.409179,6.7,389
tt2872718,21.277073,7.6,3475
tt0430912,15.321902,4.6,183
tt0091149,11.183924,6.9,334
tt1053859,10.510468,5.3,150
tt0192731,12.243528,4.4,102
tt0369702,14.69768,7.2,224
tt0384793,7.06088,6.2,412
tt1462041,9.995617,5.8,401
tt0086927,5.511756,5.8,156
tt0095631,5.564321,7.2,241
tt0408985,5.53836,6.4,123
tt0087985,8.233168,6.4,217
tt0424993,8.596352,5.4,156
tt0087062,12.881025,5.1,49
tt1647668,9.453942,6.6,264
tt0283111,7.668576,5.9,867
tt0075686,18.146043,7.8,1044
tt0079336,3.336115,6.7,26
tt0120800,13.02535,6.9,193
tt0397078,6.053567,5.8,512
tt1101026,3.462653,6.8,41
tt0093894,9.389976,6.4,713
tt0101746,8.337242,6.6,24
tt0094012,9.10373,6.7,924
tt0416212,6.390463,7.4,159
tt0308353,13.139893,4.6,108
tt0395251,5.037224,6.1,153
tt0395169,10.262332,7.5,805
tt0091225,10.722672,5.1,227
tt1764234,6.777326,5.8,751
tt0078872,10.246132,7.0,59
tt1640484,2.664211,6.0,57
tt1024943,4.384156,7.2,85
tt0120703,3.645263,6.0,24
tt0220506,8.502529,4.5,230
tt0057590,3.315827,6.1,40
tt0475944,12.72212,5.2,295
tt2582782,12.565896,7.2,1304
tt4481414,16.025911,7.7,549
tt0063385,8.630078,7.0,106
tt0405469,7.904333,5.1,246
tt0268995,8.063684,6.6,193
tt0416508,7.829737,6.9,325
tt0097216,10.465403,7.6,301
tt3774114,14.384554,7.0,1285
tt0105217,8.816951,5.9,66
tt0155975,6.715898,4.8,233
tt0263757,5.555088,6.1,193
tt0171433,6.045585,5.9,161
tt0110216,6.710215,4.7,381
tt1270761,8.67817,5.4,347
tt0120596,5.061725,4.5,84
tt2404311,8.047735,6.1,1052
tt1598828,6.322435,5.3,392
tt0470752,14.14078,7.6,4862
tt0120764,12.65102,5.1,81
tt0052225,2.747118,6.3,29
tt0110027,6.866634,4.5,110
tt0186894,13.349518,5.5,120
tt0047396,17.911314,8.2,1531
tt0120913,7.515631,6.3,320
tt0106246,8.662287,6.7,383
tt0083972,7.99229,5.7,257
tt0206314,10.337689,6.3,328
tt1046163,14.114136,5.4,223
tt0122459,5.269733,6.1,68
tt0316732,7.745017,4.8,245
tt2503944,8.066726,6.3,974
tt0096734,7.889227,6.6,312
tt0106519,8.698509,7.7,805
tt0118665,7.707344,3.3,75
tt2752758,10.591125,4.4,218
tt0120434,9.304901,6.0,175
tt0388500,6.795949,5.4,118
tt1131729,8.395618,7.2,678
tt0089530,12.689648,5.9,765
tt1583420,10.778028,5.7,369
tt0070849,12.74564,7.1,240
tt0899106,10.279603,5.6,188
tt0300051,5.706507,5.8,333
tt0162983,6.474767,5.0,42
tt1386932,1.9602,7.2,684
tt0061420,1.345165,5.3,13
tt0044672,4.011363,6.6,51
tt0046247,3.826281,6.4,43
tt1178665,12.019571,5.7,266
tt0066999,10.255315,7.4,630
tt2357129,14.294019,6.0,1183
tt1972779,8.196975,7.2,777
tt0083169,5.355452,6.5,81
tt0078869,7.499388,6.1,132
tt0099253,14.310479,5.8,323
tt0200027,4.556123,6.5,108
tt0107977,17.136672,6.4,575
tt1542344,11.176797,7.0,2668
tt0498353,8.916747,5.6,464
tt0310793,11.393859,7.3,467
tt0093640,11.457803,6.9,155
tt1817273,7.492658,6.8,1689
tt1764183,5.808496,6.1,300
tt0113845,7.337906,5.4,224
tt1130080,11.698089,6.0,305
tt0100140,5.55237,6.5,124
tt0218922,9.970359,5.8,200
tt3170832,12.443291,8.1,2838
tt1268799,10.724679,6.0,335
tt0074174,8.399441,7.0,100
tt0452702,7.712309,6.0,406
tt0398712,11.552956,6.0,318
tt1142977,10.296047,6.6,951
tt0267626,7.718723,6.1,273
tt0097366,10.357224,5.8,98
tt0131704,11.880936,3.9,89
tt1178663,8.930341,6.8,365
tt0482546,8.599342,6.3,143
tt1655420,12.203066,6.6,418
tt0192614,11.363754,5.7,160
tt0049261,10.864284,7.5,169
tt1756415,5.219214,5.6,276
tt0089200,4.734765,4.2,58
tt0077928,7.186048,7.6,309
tt0095963,14.25013,5.8,360
tt0082348,8.800455,7.1,241
tt1366344,13.105682,5.4,330
tt0101917,11.560358,5.1,280
tt1741273,6.79115,6.2,341
tt0362270,6.936677,7.1,781
tt0103247,12.318052,6.5,139
tt0881200,7.404835,7.1,35
tt0446046,5.364459,6.6,171
tt0086154,6.370495,6.0,128
tt0842926,5.899155,6.5,512
tt0087553,11.460364,7.5,180
tt0094947,11.46781,7.1,267
tt0452623,6.148516,7.2,1034
tt0095647,13.971865,7.4,336
tt1224378,5.653476,4.9,71
tt0168501,5.055141,6.8,38
tt0146309,10.204559,6.9,192
tt1441952,6.753328,6.3,325
tt0060491,3.210693,5.8,13
tt1121931,10.044642,5.9,878
tt0780536,9.895652,7.4,1414
tt1630036,7.666558,6.8,77
tt0066580,3.624542,7.1,67
tt2080374,16.224866,6.8,1608
tt0101761,7.829619,6.7,285
tt0283026,8.421411,5.0,71
tt0144084,13.686715,7.3,2128
tt0408524,4.469459,5.7,73
tt0073812,6.335814,6.5,69
tt0269347,7.481524,6.0,194
tt1976009,9.447808,5.6,697
tt1179025,6.710598,5.9,325
tt2318092,8.757277,6.7,555
tt0088993,8.801822,6.9,276
tt1305806,11.251632,7.8,638
tt0120004,7.699967,5.8,130
tt0105488,3.233531,6.2,83
tt0454945,6.916201,6.4,691
tt0075066,5.58692,6.8,119
tt0338466,6.96675,5.1,194
tt0074285,9.277692,7.0,977
tt0261392,11.619446,6.4,491
tt0198021,5.833133,6.9,159
tt0086129,5.269838,5.2,61
tt0032138,22.064932,7.4,1689
tt0061184,5.564294,7.8,199
tt0086066,6.435926,6.9,293
tt1533749,5.311245,6.5,102
tt0245574,13.962548,7.3,321
tt1314655,7.094276,5.8,836
tt0475783,4.222195,7.7,49
tt0297181,10.404277,5.2,276
tt0293815,5.794821,6.0,103
tt0199753,8.534176,5.4,271
tt0117008,10.034915,6.9,892
tt1129423,5.329195,7.0,100
tt1659337,12.775679,7.7,3056
tt2247692,1.221216,4.6,19
tt0063442,17.784978,7.5,958
tt0063522,11.504558,7.5,892
tt1506999,9.574817,5.6,508
tt0362478,10.424946,5.4,610
tt0064418,8.407519,6.6,61
tt0083658,96.272374,7.9,3833
tt0270288,11.331072,6.6,281
tt0219653,6.000716,4.6,150
tt0425413,11.840495,6.2,241
tt0084827,16.574021,6.6,717
tt0087298,10.175913,5.9,241
tt0981227,12.992176,6.4,387
tt2042568,10.838063,7.2,845
tt0107282,3.01386,7.1,34
tt0268126,11.624481,7.3,649
tt2215719,8.960713,6.5,88
tt0844708,13.634766,6.2,449
tt0317132,6.067722,6.1,63
tt2402157,13.310556,6.0,645
tt2072233,12.240817,5.8,345
tt0880578,7.85217,5.9,241
tt0102175,7.701918,6.0,71
tt1333125,10.895427,4.5,816
tt0113326,12.314278,6.5,245
tt0251114,14.116474,5.9,246
tt0106226,8.013617,7.0,172
tt2436386,9.363482,6.4,953
tt0093437,9.099731,6.8,545
tt1592525,8.772263,5.8,722
tt0184858,12.11759,5.3,175
tt0094631,15.133316,5.9,81
tt0104692,6.685948,5.4,198
tt0070608,11.179855,7.0,1155
tt0448134,12.715571,7.0,1210
tt1414382,12.820452,6.0,380
tt0054215,36.826309,8.3,2405
tt0403358,8.803869,6.3,212
tt4387040,3.376147,7.3,58
tt0119664,10.519481,5.3,136
tt0082010,13.390802,7.2,571
tt1058017,7.087161,6.0,523
tt0080661,9.3806,6.8,159
tt0075029,5.849522,7.4,303
tt0078723,7.812379,5.6,145
tt2101441,14.830235,5.0,1580
tt0821642,11.328316,6.6,237
tt0064782,10.648872,6.3,65
tt0082517,9.270492,6.5,205
tt0294870,9.530278,6.7,159
tt0092718,9.104462,6.7,167
tt0119142,8.412203,5.6,43
tt0778661,6.063809,6.6,19
tt0114287,10.193549,6.5,151
tt0457513,8.16339,6.4,435
tt0065988,8.186994,7.5,128
tt1131734,13.483131,5.3,858
tt1972571,10.432407,6.5,545
tt2070649,4.385574,8.0,88
tt1019452,7.971424,6.6,492
tt0985694,7.120403,6.3,1171
tt1155705,1.889519,6.7,21
tt0359517,3.223039,4.8,31
tt0278488,6.796277,6.4,230
tt0482572,5.844016,6.3,243
tt1547234,5.654784,6.2,848
tt0370032,11.096655,4.8,468
tt0076141,5.101153,6.5,86
tt2077833,1.312833,5.6,24
tt0499375,2.925476,6.7,24
tt0245686,10.442468,5.5,247
tt2513074,8.009568,5.9,158
tt0087182,9.261189,6.5,576
tt0089643,1.46034,5.7,14
tt0072271,15.526413,7.1,617
tt0093779,15.15267,7.6,1518
tt0446013,11.101549,5.4,173
tt1837709,7.363527,6.0,501
tt0076009,8.266984,4.5,137
tt1389139,17.046052,5.3,93
tt0120655,8.559088,6.8,842
tt0317248,14.95927,8.2,1852
tt0303816,6.466688,5.5,332
tt1742650,6.562982,5.0,142
tt0402399,7.694502,6.4,336
tt0417217,9.003792,5.9,156
tt2140379,25.301568,6.3,1122
tt0045793,5.358582,7.2,137
tt0077869,7.914795,6.1,187
tt1038988,8.504511,7.1,954
tt0770703,6.958086,6.2,689
tt3045616,10.241861,5.4,1078
tt0265208,13.083718,6.3,844
tt0086619,2.592296,6.2,51
tt1712170,8.279285,5.1,303
tt0120770,12.480685,5.9,202
tt0112401,11.065939,6.0,394
tt0191133,2.18689,5.3,38
tt0427309,8.735448,6.9,153
tt0098627,8.051891,6.4,255
tt0160009,9.800232,5.6,136
tt2247476,6.617708,6.3,134
tt0335121,11.271148,4.7,114
tt0101764,6.600651,5.3,219
tt0098206,2.943427,6.3,259
tt0365748,14.902948,7.5,2479
tt0084707,15.417202,7.4,149
tt0323033,5.739139,5.6,104
tt0307479,10.642824,5.9,378
tt0064100,1.81433,6.2,20
tt0071315,12.29227,7.9,939
tt0465502,9.369432,5.6,154
tt2368672,6.583428,6.6,128
tt0043949,11.840985,7.0,64
tt0063350,14.384198,7.5,591
tt0075648,9.394776,5.8,69
tt0089686,8.668146,5.7,367
tt0059797,5.191425,6.4,40
tt1216492,7.432311,6.5,474
tt2387499,9.48515,5.9,608
tt0082801,3.950775,5.2,33
tt0454919,10.307277,5.0,154
tt0240510,6.894153,6.5,164
tt1602620,7.663947,7.5,413
tt0070666,12.842165,7.5,429
tt0082406,10.197106,7.0,884
tt2528814,6.097499,5.9,242
tt0132347,10.466306,5.7,255
tt0084917,5.036929,6.9,87
tt0225071,5.3962,5.5,91
tt1486192,7.254242,6.1,432
tt0066473,7.262326,6.9,150
tt0478134,9.604552,6.6,265
tt1210042,12.50422,6.2,296
tt1175491,8.937049,6.0,144
tt0120471,5.099557,6.3,98
tt0086491,5.836054,6.2,164
tt0083907,10.421679,7.3,913
tt0237572,12.806634,6.6,221
tt0110399,3.021526,6.0,31
tt0420332,3.319516,7.5,67
tt0255819,9.503157,7.3,57
tt0116365,12.09096,6.7,413
tt0361467,7.423275,5.1,228
tt4550098,18.908782,7.2,1990
tt3495026,5.127876,6.2,73
tt0118798,3.385342,6.3,66
tt2461150,9.434588,5.6,600
tt2076176,7.847574,6.2,85
tt0093822,14.011415,7.2,548
tt0079826,2.132964,6.8,28
tt0403703,5.946085,5.4,71
tt0067328,5.961382,7.6,133
tt0297884,10.107519,6.9,145
tt1095174,12.357072,5.2,99
tt1640711,6.116093,5.9,137
tt0795351,9.644085,6.1,580
tt0129280,9.019881,5.1,46
tt1100119,4.021983,5.1,46
tt1502404,7.668829,5.3,608
tt0116683,13.217623,6.2,375
tt0054953,8.522673,7.3,191
tt1126590,7.412826,6.8,1236
tt2223990,5.596449,6.5,309
tt0358349,12.59201,5.2,145
tt0181984,8.518425,6.5,202
tt0088172,9.763928,6.6,219
tt0087597,5.984133,6.5,225
tt0295700,14.079718,6.0,652
tt0091217,6.484495,7.1,143
tt0390521,5.266103,6.6,520
tt0139239,8.344282,7.0,198
tt0986264,6.093304,7.7,194
tt0060665,6.997888,7.5,90
tt0111161,51.645403,8.5,8358
tt0167456,14.363421,4.2,92
tt0075314,14.092713,8.1,2632
tt1560747,8.074218,7.0,720
tt0113118,14.56965,7.0,513
tt0095107,3.590547,4.9,47
tt0046672,8.722406,6.9,160
tt0166175,5.138367,6.5,60
tt0450405,10.829432,5.5,354
tt0905372,10.169411,6.0,876
tt0120646,5.78468,6.0,58
tt0236784,6.226933,6.2,97
tt0314524,0.988777,6.0,17
tt1705772,1.145752,5.6,14
tt0052357,18.20822,8.0,1162
tt0375154,15.672195,6.4,240
tt0107554,5.260924,7.2,179
tt0758742,9.570657,6.8,163
tt0416315,7.483385,6.1,288
tt0199725,5.733227,7.5,93
tt0338096,4.475359,6.0,154
tt0258068,8.230447,6.5,82
tt0396652,9.313354,5.9,189
tt0272020,9.807552,7.0,290
tt0947802,13.857624,5.9,294
tt0898367,14.958098,6.8,1113
tt0380389,9.783762,6.6,244
tt1692486,8.844835,7.0,760
tt0107840,6.972599,6.9,47
tt0144168,3.960622,5.7,67
tt1571222,9.865944,6.2,589
tt0083284,9.865257,6.7,163
tt0790628,9.385769,5.3,732
tt0962736,8.437587,7.1,330
tt0114011,8.681325,6.6,91
tt0089017,8.679349,6.0,99
tt3715320,6.862812,6.3,600
tt0327679,11.316988,5.9,454
tt0061811,9.059617,7.5,207
tt0297037,3.142874,7.0,31
tt2304771,11.318079,6.5,225
tt5653294,5.42046,6.8,47
tt1232783,5.010852,5.3,179
tt0118929,12.851984,7.2,838
tt0050212,8.851646,7.7,554
tt0087892,11.842837,6.8,69
tt1487931,5.219667,5.8,74
tt0427954,9.005167,6.8,171
tt3316948,9.534828,6.0,1099
tt1034389,6.196929,5.9,426
tt0080745,6.346979,6.1,237
tt0441796,4.854551,5.3,157
tt0096787,7.068389,6.3,244
tt0083929,14.658885,7.0,330
tt0246544,4.260945,5.2,56
tt0120609,5.975082,6.1,112
tt0424345,8.466725,6.9,407
tt0097441,7.521346,7.4,391
tt0465602,7.259086,6.3,589
tt0435670,6.097503,6.0,148
tt0493405,12.238061,6.2,277
tt0333766,11.630809,7.1,631
tt0093693,5.549621,6.7,240
tt0119081,11.335072,6.4,752
tt4030600,19.225832,5.1,262
tt0066921,17.112594,8.0,3432
tt0118604,7.145784,5.3,154
tt4731136,13.28436,6.0,939
tt0071577,5.702638,6.2,144
tt0416044,6.375447,6.5,165
tt0077394,10.235373,6.1,170
tt2339741,6.942139,5.0,389
tt0112508,6.638116,6.2,464
tt0076070,6.389326,6.6,121
tt0099800,2.291511,6.1,52
tt0195234,5.13955,6.3,115
tt0110066,2.688562,6.0,17
tt0165982,8.388773,6.6,386
tt0082948,8.173864,6.3,23
tt1243974,8.451297,5.2,704
tt0309377,5.852263,6.1,210
tt0389557,7.440511,7.2,288
tt0327247,7.15606,5.5,282
tt1240982,5.67375,5.2,511
tt1174732,8.593196,6.9,423
tt1800246,8.060403,6.1,1020
tt0080678,8.405672,7.9,740
tt0099871,8.176863,7.3,376
tt2547584,8.483245,6.9,403
tt0087089,9.508061,6.5,71
tt0426592,7.876483,4.9,394
tt0116367,15.339153,6.9,1644
tt0318974,12.240901,5.8,108
tt0103919,12.721362,6.2,303
tt2053425,8.400049,7.1,438
tt0089461,6.830599,6.4,71
tt1032755,7.263988,6.9,851
tt0127723,6.426937,6.1,122
tt1772240,10.711742,5.0,359
tt0082495,13.501144,6.4,370
tt4176826,6.704659,6.8,462
tt0087800,13.694713,7.2,1212
tt0278295,3.909079,5.9,52
tt0119675,9.128905,5.7,255
tt0382628,6.53565,5.3,275
tt5592248,36.26051,5.8,279
tt0112851,6.950458,6.8,898
tt0455960,7.160967,5.6,253
tt1422136,6.780752,6.2,160
tt0059243,4.473327,7.2,64
tt2465146,7.69684,5.7,166
tt0462396,8.920545,5.0,210
tt0395972,8.781298,6.9,127
tt0101757,5.402262,5.8,108
tt0315297,5.376246,5.3,127
tt3381008,13.912531,5.7,794
tt2387433,26.972326,6.1,668
tt0119668,5.145907,6.3,161
tt0161100,4.414077,7.1,34
tt0111756,9.277147,6.5,203
tt1028528,13.412137,6.7,1359
tt1124037,10.223582,6.6,439
tt1948150,2.07741,7.0,33
tt0094890,12.167265,5.4,103
tt0116778,11.633347,6.7,248
tt0292963,9.309967,6.9,359
tt1146325,1.369086,5.3,22
tt0077681,4.788002,6.1,145
tt0053291,11.845107,8.0,835
tt0053604,11.994281,8.1,498
tt0074812,6.842274,6.6,272
tt0266308,12.701098,7.3,992
tt2356180,4.342418,7.3,62
tt0102729,2.07443,5.5,32
tt0089175,7.472509,6.9,279
tt1438176,9.665251,6.0,617
tt0065528,4.984905,6.7,73
tt2006295,8.383246,6.0,386
tt0075268,2.44274,5.8,15
tt0387575,15.216315,4.9,302
tt3499096,7.979302,7.0,492
tt0427944,9.369527,7.1,670
tt0115963,12.860385,6.3,388
tt0804522,13.482558,6.2,207
tt1430615,6.159379,6.6,153
tt1876451,2.24386,5.8,36
tt0082694,11.189831,7.3,981
tt0386032,6.766086,7.3,241
tt1458169,20.214579,6.0,244
tt0038787,10.135111,7.8,345
tt0117666,9.475693,7.4,236
tt0073317,0.000657,0.0,0
tt0838221,6.493474,7.1,876
tt0156841,2.971999,4.3,29
tt0110971,4.985157,5.9,83
tt1924429,7.876299,6.5,975
tt0977855,6.303785,6.5,239
tt2576852,7.566053,8.0,350
tt0252501,6.425321,6.5,132
tt1655460,9.295078,5.3,402
tt1228987,11.11946,6.7,656
tt0399295,8.745216,7.0,1356
tt0100029,4.619068,5.9,179
tt0114857,5.188399,5.4,163
tt0077745,5.219641,7.1,231
tt0417397,9.586723,6.8,65
tt0376136,10.110504,5.6,391
tt0078444,1.148295,6.1,17
tt0077588,11.844029,6.2,73
tt1634003,14.347931,6.0,127
tt0250310,4.890067,4.1,54
tt4276820,17.523343,7.0,855
tt0457495,8.778999,5.1,219
tt0366551,8.344105,6.6,709
tt0120586,18.157166,8.2,3120
tt0045888,9.072006,7.0,75
tt0490215,14.16938,7.0,754
tt0409184,6.361343,6.8,156
tt0089961,11.690532,6.1,58
tt0074958,13.180457,7.8,391
tt0088128,6.683723,6.9,455
tt0036868,6.069343,7.6,148
tt0221218,6.418936,5.4,203
tt0480255,12.798367,6.2,522
tt0113347,4.485958,6.5,38
tt0410097,7.422267,6.9,101
tt0102603,6.137796,6.2,128
tt0869994,4.249948,6.5,79
tt0988047,7.859606,6.6,210
tt0326769,11.269558,5.0,63
tt0092974,5.712291,5.5,40
tt4824308,5.957998,5.6,73
tt0112571,3.030309,6.3,48
tt0080491,11.157288,5.3,147
tt0246989,4.63422,4.9,75
tt0168786,10.944654,6.7,140
tt0114814,16.302466,8.1,3334
tt0395119,5.035414,5.6,62
tt0107943,12.222576,7.5,213
tt0033467,15.811921,8.0,1244
tt0101902,10.336913,6.5,20
tt1727388,10.342737,7.1,695
tt0129167,15.441459,7.6,1470
tt0118570,9.407128,5.3,108
tt3553442,8.155604,6.0,356
tt1433108,9.014972,6.1,577
tt1291584,13.121626,7.7,1297
tt0429591,11.29062,5.8,372
tt3433074,1.840891,4.7,34
tt1764625,11.003515,5.6,136
tt0081398,8.868558,7.7,968
tt0444182,10.021547,6.7,96
tt0421054,6.394143,6.0,450
tt0913354,9.951662,5.5,211
tt1625346,6.142913,5.6,368
tt0128442,8.783454,6.9,451
tt0848538,8.406056,5.0,50
tt0460989,6.752524,7.1,155
tt0120601,11.416319,7.3,1124
tt0971209,11.017008,6.2,355
tt0087727,6.241185,5.2,107
tt1782568,2.025505,6.1,16
tt0077369,4.925738,6.1,78
tt0108002,5.914833,7.2,187
tt0080365,11.53267,5.9,137
tt0892375,0.900864,6.7,10
tt2361317,19.94393,6.2,416
tt0115783,7.859132,5.4,164
tt0164114,4.606395,5.8,62
tt0115862,3.998494,5.9,62
tt0103924,5.429614,5.6,90
tt0080120,11.457298,7.4,451
tt0081777,3.782547,5.2,62
tt1171222,5.590678,5.6,87
tt0324133,14.481103,6.5,154
tt0269095,3.903016,5.7,92
tt0095519,9.631158,6.1,100
tt0099578,1.942945,4.7,15
tt0367652,5.341117,4.6,232
tt2058107,6.099421,6.7,277
tt0084503,6.773407,7.7,363
tt0092965,10.220906,7.3,491
tt0116191,6.593011,6.7,152
tt0490204,10.027137,7.1,340
tt0455760,10.763622,6.2,533
tt1569465,0.995285,4.6,15
tt0483607,13.436536,5.8,374
tt0112883,7.438934,6.3,184
tt0057546,10.636458,6.9,935
tt0473308,11.276024,6.6,132
tt0439662,3.003526,6.7,53
tt0097981,7.534739,5.5,251
tt0419946,6.679168,5.0,165
tt3767372,2.942711,6.8,44
tt0097770,4.701379,6.2,208
tt0763831,5.446745,6.0,381
tt0361841,5.093704,5.2,114
tt0097116,7.584638,5.1,14
tt0015624,2.084627,7.0,22
tt0071402,12.968011,7.0,165
tt4110568,2.337434,6.7,43
tt0220656,0.236466,6.3,6
tt0068837,1.522753,5.6,19
tt1024255,10.420849,6.4,421
tt0089173,9.094477,5.1,200
tt1220719,6.004257,7.5,1309
tt0972558,2.047794,5.4,24
tt0088146,12.019262,6.2,54
tt1931435,6.651605,5.7,421
tt1527186,8.124767,7.0,915
tt0339412,4.902869,5.0,66
tt0765120,11.119593,6.1,197
tt1758595,5.348746,5.3,180
tt0053804,7.819581,6.9,39
tt0046816,8.999948,7.2,78
tt0082418,8.710824,6.0,321
tt0074860,6.006812,7.2,227
tt0105151,6.230854,6.9,169
tt0103994,4.126083,6.6,70
tt0100514,8.110591,5.6,134
tt0104006,2.967012,5.6,27
tt1935179,7.881579,7.0,1080
tt2883434,10.763583,6.5,119
tt0124718,13.06943,6.7,140
tt0454082,7.888302,4.8,119
tt0086197,14.902397,7.4,241
tt1569364,3.931527,5.3,33
tt0095593,5.611184,5.8,67
tt0088001,5.415639,4.9,33
tt1305583,8.204894,5.7,40
tt0185183,5.276926,3.0,259
tt0080749,9.194572,6.4,318
tt0110146,8.295437,5.1,40
tt0049408,7.630723,7.3,103
tt0088814,9.806685,6.5,228
tt0114681,10.448481,6.7,177
tt0085382,7.065626,5.7,194
tt0466856,2.582818,6.0,33
tt4667094,6.785049,4.3,337
tt0297284,7.600017,6.3,339
tt0164181,5.875606,6.5,334
tt0366627,12.092096,6.8,459
tt2125435,5.550496,6.8,411
tt0078504,4.233081,5.8,63
tt0095927,5.764399,5.1,41
tt0083767,10.434018,6.7,228
tt2707858,4.726238,6.4,270
tt0109067,1.896273,5.1,42
tt0377062,15.434731,5.7,282
tt0120857,3.094893,5.8,32
tt0085936,11.742804,7.6,167
tt2555958,0.882864,6.0,8
tt0065207,12.088407,7.4,233
tt0434215,3.94159,6.1,52
tt1587729,3.106814,7.0,38
tt0091867,6.175166,6.9,164
tt0108255,7.198455,4.0,236
tt0245712,5.958138,7.6,537
tt0110186,0.912909,5.9,9
tt0356150,6.275468,6.5,673
tt0085407,11.194448,6.9,320
tt1071812,1.862215,6.8,29
tt0907657,10.357064,7.4,457
tt0084296,3.382894,6.9,38
tt1188729,10.391425,6.5,783
tt0204175,10.070988,5.4,107
tt4139124,7.942084,6.0,434
tt0103956,24.515462,5.5,274
tt1555064,4.582024,5.9,80
tt0089826,3.208108,5.0,48
tt4287320,88.439243,5.4,1015
tt0104558,6.751864,6.7,109
tt0088286,5.971241,7.0,241
tt0865559,7.19669,5.6,104
tt0098987,3.834949,6.2,72
tt0914798,8.912738,7.7,1492
tt0038499,8.441279,6.2,38
tt0114436,17.502375,4.9,261
tt1023114,9.402082,6.8,462
tt0499554,4.468247,5.6,72
tt0117318,9.178371,6.8,257
tt0309530,9.392508,6.1,202
tt1967545,6.108646,6.7,306
tt0094612,14.054862,4.9,51
tt0102460,12.511561,5.7,34
tt0301727,3.68993,7.1,50
tt0800308,12.392754,6.3,305
tt0073312,5.165666,7.5,176
tt0088323,14.225919,7.0,1031
tt0104573,5.547398,7.0,103
tt0433416,4.273271,6.8,50
tt0166924,18.184056,7.7,1517
tt0116322,4.557006,5.3,85
tt0110950,6.514592,6.5,180
tt0079470,10.714173,7.7,1230
tt0072684,14.003467,7.7,521
tt0065054,0.537378,6.5,15
tt0078902,4.806374,7.4,80
tt0060934,11.354247,7.2,59
tt0077530,3.705714,5.7,46
tt1185420,2.532958,6.4,42
tt0046303,6.63816,7.3,143
tt4981636,10.222143,6.9,70
tt0308208,9.094558,4.3,99
tt0082817,5.830675,6.4,87
tt0120696,6.363405,5.5,181
tt0080360,10.603299,6.7,169
tt0861689,7.462378,6.4,393
tt0872230,5.282976,5.2,150
tt0114825,9.071127,4.5,113
tt0401383,11.090265,7.5,290
tt0097142,2.727017,5.6,20
tt0109456,14.228963,5.4,117
tt0106912,6.118228,6.5,128
tt1235522,12.136158,5.7,601
tt0234829,5.499867,4.8,63
tt2467046,11.519053,3.7,396
tt1839596,2.009033,7.4,45
tt0084787,16.83125,7.8,1629
tt0138304,14.705865,5.5,263
tt0096071,7.791952,6.2,120
tt1540133,11.256636,6.8,378
tt1615147,8.340757,6.7,531
tt0361089,11.836827,5.2,239
tt0091080,8.122042,5.7,219
tt2258337,8.615159,6.7,33
tt1931533,9.643538,6.7,1224
tt0208988,6.047757,4.8,147
tt0239948,8.526823,5.4,155
tt0266489,12.160363,5.9,500
tt0065916,0.345862,5.4,9
tt1242422,8.075698,7.3,288
tt0094074,7.990679,4.1,327
tt0257516,8.949722,5.1,168
tt0212712,7.157169,6.9,208
tt0086955,1.975174,3.6,25
tt1129445,5.308718,5.4,71
tt1924396,8.995603,7.7,719
tt0120008,9.384887,6.0,128
tt0327036,0.527297,5.0,1
tt0486551,7.481125,5.8,173
tt0095179,7.909022,5.3,196
tt0120841,13.495247,4.5,161
tt0283084,5.951492,6.4,133
tt1462758,7.389437,6.6,853
tt2132285,7.913029,5.3,1205
tt0202677,6.03633,6.4,106
tt0113481,11.715868,5.5,380
tt1600196,11.695036,6.7,859
tt1796657,1.412333,5.6,15
tt0479751,1.323587,6.9,25
tt1063669,6.010332,7.5,870
tt0120741,6.046893,5.4,52
tt3320578,1.915168,5.8,11
tt0065462,12.325947,6.2,370
tt0437800,5.052049,6.7,85
tt0829459,16.770196,6.7,97
tt0295254,5.160215,3.2,106
tt0094602,5.283245,5.9,140
tt0117786,6.183021,6.2,129
tt1878870,9.51953,7.3,952
tt2168910,7.950488,6.2,38
tt1135985,9.106146,6.0,348
tt0310281,4.672036,6.6,75
tt3797868,8.28378,6.7,527
tt0233142,4.76448,5.8,181
tt0090350,7.505786,6.5,70
tt2057392,10.564701,7.2,532
tt0218553,5.277814,5.4,81
tt0097027,7.435688,6.8,203
tt1922612,9.202416,6.9,81
tt0884726,6.660309,5.8,45
tt0149691,12.593734,5.9,67
tt0348333,5.054419,6.2,241
tt0107004,4.653462,5.9,44
tt0102631,7.176726,5.6,13
tt0116277,12.202063,5.7,202
tt0350261,7.761954,6.7,165
tt1083456,6.312206,6.0,194
tt0262396,2.148655,6.4,33
tt0444653,5.742659,6.5,165
tt0139809,9.356587,6.8,381
tt0114214,7.54701,6.2,431
tt0122541,3.873796,6.3,47
tt0093793,10.000775,6.2,77
tt0247745,7.351028,6.6,367
tt1245112,8.853168,6.5,496
tt0089457,8.157587,6.8,264
tt1053424,7.502967,6.2,627
tt0070707,6.048904,7.0,206
tt2910904,7.95686,6.9,419
tt0841046,7.219935,6.6,214
tt0079227,2.261946,5.7,19
tt0097123,6.645295,7.4,201
tt0124879,2.651408,6.5,52
tt0462244,5.414213,4.4,94
tt0218817,8.142166,5.8,156
tt0097814,12.220581,7.6,768
tt1447972,4.290276,6.1,98
tt1274295,2.089842,7.2,26
tt1431181,5.000657,7.0,97
tt0111686,9.860522,6.4,297
tt1740710,1.838865,6.5,19
tt1934231,1.932489,7.0,39
tt0068555,5.378481,6.6,218
tt2377938,2.78114,6.9,43
tt2359810,1.856101,6.3,34
tt1355546,1.937874,6.7,19
tt1700423,1.426776,5.2,20
tt1814621,10.098539,5.5,307
tt3850214,7.948581,7.2,698
tt0082533,6.715512,6.4,165
tt0120389,5.436745,4.6,60
tt0115986,6.554679,5.2,119
tt0066817,10.362012,6.8,260
tt1244668,4.79386,7.0,117
tt0970411,8.061467,6.2,614
tt1414840,1.16103,3.9,9
tt2235779,6.322844,5.1,253
tt0462519,10.725567,5.6,112
tt0880502,10.083019,6.6,68
tt0454824,5.460942,6.3,274
tt1798603,7.459161,5.0,216
tt0095271,6.199806,5.9,212
tt3462710,10.159713,5.7,117
tt0144814,4.766591,5.1,79
tt2717822,14.932368,5.1,842
tt0800240,7.720729,5.7,200
tt0424205,7.846226,7.2,216
tt1723811,11.72049,7.0,897
tt1821549,11.160699,7.4,648
tt0095174,8.105859,6.6,232
tt0119925,6.537407,6.1,306
tt1027862,5.204249,5.8,66
tt0051459,11.794846,7.6,168
tt1438463,0.824156,6.4,12
tt1436045,9.534232,7.1,362
tt1668200,6.091224,7.2,200
tt1742334,6.966505,5.5,560
tt0134619,11.054751,5.5,104
tt0419843,9.351276,5.8,163
tt0417433,5.450751,6.0,94
tt0120693,7.022548,6.4,179
tt1232207,6.032166,7.0,168
tt0295289,4.444724,5.3,85
tt1067774,8.34835,6.0,611
tt0116259,4.990506,5.7,80
tt0082869,6.918821,6.2,153
tt0086525,8.438808,6.2,61
tt0093507,7.106954,5.1,196
tt0117331,8.079541,4.7,138
tt0365485,3.867472,6.2,137
tt0273799,2.828884,5.4,33
tt0106489,6.115628,7.4,447
tt0455538,11.981531,6.2,247
tt1160368,13.591485,5.7,223
tt1637706,5.918193,5.9,369
tt0102070,9.782014,5.4,275
tt0091530,11.241995,7.1,295
tt0210616,10.491734,6.8,95
tt0116320,3.906949,5.2,49
tt0092563,7.290872,7.0,326
tt1091722,6.77887,6.4,748
tt2668134,7.857666,6.4,365
tt1216496,5.030112,7.6,192
tt0128445,5.997054,7.5,688
tt0105128,6.823445,5.0,107
tt0087262,7.048087,5.9,174
tt1594972,7.008103,4.1,124
tt0297144,4.835446,7.1,39
tt0449999,2.37252,6.1,45
tt0272338,6.753969,6.9,542
tt0076271,2.884359,5.6,31
tt0202470,10.076223,6.0,194
tt0335559,5.924226,5.5,163
tt0804461,6.612175,6.4,303
tt0211443,7.793873,4.5,298
tt0089003,12.829904,6.1,68
tt0315983,9.245145,7.0,202
tt0411061,8.552967,5.7,323
tt0261289,10.16841,5.0,86
tt0250224,6.236729,6.6,98
tt0117039,6.728199,6.8,98
tt0282687,6.332398,5.7,126
tt1366365,11.112153,4.8,277
tt0279113,4.388338,6.1,183
tt0099385,13.90542,5.4,117
tt0280665,6.426438,6.2,142
tt0251736,11.00913,6.0,310
tt1242457,7.855489,5.0,14
tt1239426,2.587727,6.2,25
tt0376108,4.373457,5.2,96
tt2106476,8.462801,7.9,946
tt0120577,8.736869,5.5,138
tt0337917,5.226389,5.0,78
tt1584131,1.223071,4.7,7
tt0276919,9.808595,7.6,619
tt0116514,5.263187,4.9,111
tt0109190,12.508518,5.8,281
tt0081439,0.825638,6.1,11
tt1172233,14.511442,6.7,366
tt0103893,4.941989,5.3,192
tt0338325,12.553403,5.8,52
tt1120985,11.107914,6.9,911
tt0098320,5.587765,5.5,89
tt1532958,5.0739,5.9,89
tt0085811,9.848674,5.8,130
tt2404181,13.454169,7.2,230
tt1456941,4.983475,6.2,195
tt0086346,3.521436,5.1,37
tt0117951,19.348466,7.8,2737
tt0111400,8.012225,5.0,82
tt1374989,7.954623,5.5,662
tt0034167,3.336494,7.1,47
tt0100740,5.732016,5.8,92
tt0158811,7.531668,5.8,94
tt0100240,6.658994,5.5,193
tt0061512,9.718713,7.7,390
tt0091828,9.292099,5.5,159
tt3859980,1.423358,6.7,26
tt1041804,3.394928,5.3,52
tt0862846,9.098119,6.5,256
tt0395495,5.953413,5.8,109
tt0100168,2.715137,6.3,48
tt0112857,4.646132,6.3,88
tt0241025,6.614456,5.5,75
tt0097987,0.863547,5.6,20
tt0093692,8.431956,5.7,331
tt3077214,8.093442,7.1,440
tt4258292,0.86433,6.6,14
tt0119123,7.83099,5.0,91
tt2203308,2.831069,6.8,41
tt0076716,3.502655,6.3,39
tt2304655,0.795228,5.1,6
tt1821480,3.174936,7.3,61
tt1054122,5.074153,6.8,37
tt0072737,2.301183,6.4,16
tt0381681,7.048957,7.6,734
tt0090660,5.037671,5.3,46
tt0097967,3.801832,5.0,53
tt0107254,9.223325,4.2,197
tt4196450,5.933047,6.4,181
tt0144964,11.430964,4.4,107
tt0110657,9.9697,4.8,202
tt0081071,3.557608,6.6,50
tt0373469,11.76054,7.2,900
tt0120524,5.215107,5.6,114
tt0097737,10.653446,6.0,125
tt0068699,9.91087,7.4,284
tt0099165,5.507082,5.3,113
tt3464902,11.223033,6.7,1340
tt1258972,8.310945,5.2,369
tt1291580,7.339451,6.6,307
tt6265828,24.339781,6.8,95
tt0102034,8.032638,4.5,213
tt3001638,1.416035,7.0,29
tt3007512,9.615664,6.8,439
tt0089469,10.932786,6.2,282
tt1172060,0.868804,4.0,15
tt0968264,5.481452,6.2,138
tt0059245,3.961342,6.5,41
tt1726592,14.921298,6.2,672
tt1355631,11.504398,6.6,592
tt0388980,6.969342,6.9,112
tt0186045,4.372616,5.4,43
tt1206543,6.760321,6.5,731
tt1521197,13.413895,6.3,291
tt0100201,4.414928,6.1,60
tt0100666,2.428279,4.8,27
tt0318283,5.236854,5.0,71
tt1032815,9.434281,5.2,204
tt0110678,9.715187,6.1,86
tt0172684,6.441119,7.5,93
tt0414993,11.577121,6.8,852
tt2718492,8.651053,7.1,262
tt0222851,8.134524,6.8,107
tt0067810,1.435148,4.7,19
tt0190374,4.884311,3.9,159
tt2034139,5.874458,4.4,204
tt1272018,1.011029,6.4,12
tt0084021,14.202364,4.9,185
tt0142192,9.208831,6.1,60
tt1244659,6.523155,6.0,93
tt0309987,6.685981,7.2,680
tt0110598,5.254847,6.9,104
tt0113253,8.768288,5.0,173
tt0427392,5.228837,5.7,366
tt0079576,3.084426,4.8,23
tt2002718,9.251084,5.3,642
tt0402901,8.077253,5.2,204
tt0113362,1.690768,6.7,25
tt0151150,4.0315,6.0,15
tt4981966,1.264714,7.1,22
tt0046949,10.374608,6.0,11
tt0059578,13.295342,7.8,988
tt2495104,8.279917,4.4,27
tt0364569,10.616859,8.0,2000
tt4434004,4.195845,7.4,32
tt1176740,6.590093,6.7,189
tt0974554,6.829658,6.4,73
tt0361696,4.387004,6.0,221
tt1727776,20.683405,6.2,526
tt0166943,3.104943,6.3,49
tt0134983,5.496624,4.9,109
tt0367085,8.604389,4.7,109
tt0404203,7.311148,6.9,243
tt0081383,3.65867,6.0,85
tt0252028,8.698971,5.1,107
tt3922818,11.824404,7.2,564
tt0253798,4.197544,5.8,53
tt0097937,5.841931,7.5,208
tt0879843,4.230046,6.7,50
tt0076504,5.253453,5.5,69
tt0443680,10.111313,7.0,792
tt3014866,10.038581,5.8,566
tt0116324,5.579088,6.3,66
tt0097659,6.939994,6.3,257
tt0103976,1.408176,6.3,30
tt3235888,20.359336,6.6,1894
tt0084649,10.812275,7.5,186
tt0105236,12.22034,8.1,3821
tt0349467,5.388535,5.2,71
tt0088930,7.720009,7.1,377
tt1440266,12.452985,7.3,76
tt3125324,6.293515,7.0,139
tt0120157,7.970031,6.1,226
tt0093177,10.81305,6.9,464
tt0100935,8.528622,7.0,341
tt0077413,11.162277,6.7,121
tt0058461,12.429704,7.6,909
tt0055047,3.657476,7.2,31
tt1449283,7.357682,6.8,263
tt3766394,14.992311,6.5,156
tt2358925,10.24952,5.0,322
tt0087799,4.947043,6.1,94
tt0085636,6.066618,5.0,232
tt2097307,7.148558,5.5,225
tt0049875,1.801071,6.4,23
tt2368619,12.119295,6.0,378
tt4183692,3.216606,6.8,49
tt0093278,3.986985,4.3,29
tt0211933,7.076062,6.3,403
tt0077280,2.017413,7.5,33
tt0104850,6.064099,5.7,127
tt0105219,3.073113,6.2,41
tt3202120,4.707275,5.8,217
tt3072482,14.544852,6.2,780
tt0088206,11.932675,4.7,108
tt0098663,5.763954,6.1,83
tt0089907,6.258984,7.3,270
tt0081455,10.574039,6.5,248
tt0093777,8.587231,6.6,192
tt1547230,2.321394,5.1,14
tt0095889,7.977693,4.6,127
tt0104009,11.781895,4.9,135
tt0082288,3.383201,6.5,69
tt1213644,11.634132,3.1,250
tt0102655,1.634827,6.0,25
tt0357111,9.482248,6.2,228
tt0118747,13.162168,5.2,166
tt0115571,6.497591,6.1,200
tt3068194,12.822085,6.4,171
tt0160401,1.615319,6.3,18
tt0228333,7.058599,4.8,299
tt0120458,7.116537,5.0,151
tt1149361,5.278672,6.8,150
tt0063642,0.585397,6.0,7
tt0114234,0.709452,7.1,12
tt1361809,0.558002,5.6,7
tt0087050,11.84696,5.6,243
tt0361925,3.832792,4.8,54
tt0092796,9.330087,5.9,133
tt1180583,0.505589,7.5,13
tt0097388,7.743144,4.8,194
tt1619029,8.362716,6.5,737
tt0399854,0.808339,6.5,9
tt0101775,7.88101,5.9,107
tt2799166,9.312354,4.6,365
tt0095687,6.493525,5.3,132
tt0120176,4.305735,7.1,74
tt1399683,7.27941,6.8,575
tt3387266,6.249112,6.5,84
tt0317676,5.701278,2.8,106
tt0120483,4.827771,6.5,126
tt1413495,7.249581,5.6,358
tt0213790,3.755409,5.7,35
tt0113987,5.092,7.1,72
tt0056264,5.857488,6.5,68
tt0244000,10.855383,5.7,56
tt0110763,7.436001,6.2,178
tt2515034,11.429831,5.5,397
tt3544112,10.672862,8.0,669
tt0815244,6.463883,6.0,242
tt0106627,8.976337,5.5,65
tt0181739,6.405831,6.0,237
tt0192255,9.41834,6.0,79
tt1748179,11.535478,6.0,381
tt0844993,9.382577,4.8,135
tt0035093,3.306745,6.7,47
tt1171701,1.315237,7.1,24
tt0056923,7.098731,7.7,351
tt0117589,11.223572,7.1,127
tt0355702,4.350049,7.0,215
tt0365830,7.98193,6.5,419
tt0464049,3.403583,6.6,66
tt0375173,10.411608,5.5,255
tt0430431,3.660528,6.1,12
tt1308138,2.977779,6.9,43
tt0436331,8.869162,5.1,132
tt0407265,7.398205,6.9,149
tt0104928,0.987196,5.2,17
tt0093737,3.799983,5.4,35
tt0186589,7.715908,5.7,60
tt0053125,12.410427,7.8,1062
tt0106453,4.655727,4.5,57
tt0116905,9.069963,6.9,79
tt0120757,3.826503,4.1,37
tt1840417,6.089971,6.4,384
tt1826660,1.823774,5.5,25
tt0412536,11.069679,6.2,55
tt0770772,3.966066,5.0,56
tt0090887,10.113807,5.9,221
tt1730768,13.655178,7.1,160
tt0120036,2.899809,6.7,31
tt0056592,14.284787,7.9,676
tt0264616,7.397953,7.0,338
tt1767382,10.239941,5.2,125
tt0120184,7.124735,5.8,483
tt2582802,64.29999,8.3,4376
tt2582500,6.944457,4.8,162
tt0112688,4.558992,6.8,69
tt0307901,10.271871,7.2,640
tt0078740,3.514331,4.7,45
tt0096256,11.292364,7.1,562
tt0061809,8.592792,7.4,83
tt0324554,5.605652,6.7,159
tt0120620,6.570918,6.2,115
tt0164538,1.891138,6.7,29
tt5646136,1.628629,6.6,28
tt0061107,6.243248,6.4,120
tt0324127,7.550891,5.5,99
tt0449994,12.237488,7.6,74
tt3616916,6.982302,6.5,317
tt0107504,4.719295,5.5,26
tt2076251,5.010563,5.9,96
tt0279111,5.374563,6.1,49
tt0089798,1.289698,3.9,32
tt0120722,1.575026,5.4,12
tt0151804,12.329066,7.4,1068
tt0116999,5.307984,6.6,130
tt0072226,4.506948,6.4,70
tt0053131,3.473993,7.4,46
tt0891592,6.660188,3.9,113
tt0091369,13.009688,7.1,618
tt0080388,3.835188,6.7,58
tt0479647,5.397604,6.5,43
tt0117718,1.19589,6.8,17
tt1712261,12.892504,5.6,812
tt0272207,5.20644,6.8,144
tt2884018,12.493466,6.4,497
tt0068611,5.316387,7.2,162
tt0104409,6.546551,5.3,160
tt0119177,12.89312,7.5,1846
tt0383060,11.967444,4.9,140
tt0049934,3.666277,6.8,50
tt0384680,8.345866,6.0,292
tt0102411,2.70816,5.0,17
tt1716777,14.906621,6.6,206
tt2243621,6.407641,5.1,47
tt0114296,3.395867,6.4,7
tt0281322,13.35278,6.1,141
tt0093407,4.028679,6.1,77
tt0117002,12.866139,5.7,77
tt0066769,11.081253,7.0,196
tt0217756,3.69298,4.7,51
tt1214962,10.250997,5.8,314
tt0067065,12.120267,6.3,270
tt2788710,14.526049,6.1,2340
tt2637294,6.575393,5.0,360
tt0090856,4.079853,4.3,20
tt0089092,9.802889,6.7,253
tt0058182,5.719266,7.3,172
tt0108399,17.189328,7.5,762
tt0085862,5.839893,5.5,67
tt0365929,7.759722,5.3,225
tt0113303,8.182165,5.0,24
tt0053290,1.739898,5.4,8
tt1661275,17.958512,7.1,64
tt0067741,3.73688,6.5,68
tt3655414,4.987123,6.1,103
tt1100089,8.10357,6.5,965
tt0095294,8.541732,6.3,227
tt1682180,7.222816,6.5,895
tt3098306,6.976069,5.6,127
tt0419294,9.117934,7.0,180
tt0118842,12.311564,6.7,441
tt0219699,7.886926,6.4,288
tt2937898,17.187708,6.5,550
tt1595366,3.022666,7.6,46
tt0114609,2.86007,5.4,33
tt2877108,1.217786,7.0,11
tt0021884,8.091603,7.3,295
tt0060490,8.55931,6.3,37
tt0061770,8.019495,7.2,55
tt0058404,2.560454,6.9,36
tt0082085,7.536295,7.3,243
tt0060397,12.53841,6.7,108
tt0076740,13.966833,7.5,104
tt0160429,1.466461,5.0,23
tt0046250,11.954806,7.8,502
tt1609168,1.036233,7.7,19
tt3417422,1.908761,8.1,23
tt0811066,1.3666,6.0,15
tt0422091,3.106495,6.2,53
tt0211465,6.557426,5.9,99
tt0433442,9.338989,5.1,61
tt0079714,6.609336,6.5,166
tt1920849,10.893224,5.3,457
tt0402158,9.255441,5.5,57
tt0375912,9.642214,7.0,565
tt0119709,10.323838,5.8,27
tt0066808,4.331819,6.7,167
tt0092675,8.822276,6.6,370
tt0073282,1.411831,7.7,10
tt1440345,10.710831,6.7,275
tt0462338,4.78586,6.4,60
tt0057115,14.384114,7.8,731
tt0082432,7.44658,7.1,111
tt2243389,6.757549,5.8,219
tt0425598,2.092791,6.5,29
tt0081698,6.963023,6.3,71
tt3321428,4.207751,5.2,69
tt2592500,1.456046,5.3,9
tt0102802,3.602031,5.3,46
tt0097474,6.585405,5.3,187
tt2181931,3.611437,7.3,68
tt0338427,4.349046,5.7,80
tt0108174,8.051914,6.1,131
tt0099697,4.668541,4.5,52
tt0304711,5.370818,4.8,93
tt0171804,6.536006,7.2,360
tt0113010,5.912223,4.1,54
tt0102900,6.851939,6.1,32
tt0405508,4.102052,7.2,98
tt0088007,6.303384,6.5,21
tt0041838,2.528638,6.1,32
tt3678782,1.493061,6.8,30
tt0120390,5.304043,5.2,63
tt0110955,5.868677,6.7,99
tt1663143,6.891823,5.5,139
tt0289408,5.024459,5.6,49
tt0056869,11.591462,7.3,959
tt0104549,4.620936,5.8,74
tt0111419,13.856199,6.1,117
tt0345074,9.502332,6.4,24
tt1153040,4.136356,6.4,49
tt0110907,6.259433,5.3,33
tt0805564,8.025118,7.1,517
tt0107507,8.939404,7.1,169
tt0163579,3.062626,5.3,30
tt1023490,7.728333,7.5,166
tt1477109,5.23198,6.3,59
tt0489281,5.430566,6.1,84
tt0118956,6.922458,6.0,155
tt2209418,11.30324,7.3,583
tt0459759,0.471086,5.6,5
tt0106941,8.468869,5.7,77
tt0089908,6.523262,6.6,122
tt0469263,6.862146,6.2,124
tt1185616,7.636625,7.8,294
tt3787590,9.023686,6.3,673
tt1791528,13.52638,6.5,852
tt0473367,1.970054,6.7,37
tt0367089,10.952762,6.9,229
tt1032751,5.510805,6.3,138
tt5066556,3.447894,7.5,17
tt0103007,4.196125,5.5,21
tt0032553,9.241748,8.1,756
tt0080421,2.921405,5.9,42
tt0037884,8.731331,7.4,115
tt0063035,9.391981,5.8,34
tt0415003,0.386315,4.5,4
tt0070518,5.781236,7.2,67
tt4679210,0.81609,6.4,13
tt0004972,5.113205,6.4,109
tt0118983,2.161941,6.6,41
tt0090728,11.109932,7.1,727
tt1324059,1.710257,6.8,32
tt0044030,2.01799,6.9,18
tt0062467,6.216637,7.5,112
tt0085891,5.214505,4.4,9
tt1105733,1.506777,5.0,17
tt0283160,2.947411,5.0,28
tt0126250,3.380684,6.2,35
tt0462200,7.050403,6.6,247
tt1878841,12.187189,4.5,162
tt1225822,11.23915,5.7,192
tt1772288,16.903373,6.6,187
tt0172396,6.200344,6.6,56
tt1139797,7.274237,7.5,997
tt0089604,9.110348,5.0,65
tt0043265,6.636872,7.4,232
tt0105466,13.72021,6.0,51
tt0104348,6.792215,7.5,330
tt0267248,3.485213,4.6,45
tt2550838,3.800073,5.5,86
tt0107978,8.685798,4.2,309
tt0118954,6.280515,7.3,188
tt0120669,9.220346,7.2,1321
tt0176269,7.805145,4.2,138
tt1606392,4.480723,6.7,176
tt1124052,7.216103,7.6,55
tt1045772,5.773752,6.4,514
tt2404461,9.166555,7.1,161
tt0089853,6.133697,7.3,206
tt1300851,8.051448,5.8,264
tt0083336,2.522474,6.0,57
tt0106664,13.412785,5.4,91
tt0088680,6.583161,7.4,251
tt0085694,1.918891,6.0,34
tt0087003,5.892277,7.2,104
tt0067588,5.820841,6.5,102
tt1095217,8.405395,6.0,331
tt0157503,6.396767,6.5,88
tt0858479,3.756539,5.8,74
tt0119592,4.909738,5.9,81
tt1075747,9.482806,4.5,427
tt2167202,13.224288,4.9,248
tt0084684,1.808605,5.0,22
tt0088708,7.314536,5.5,71
tt0416496,19.294832,5.8,319
tt0034583,13.916101,7.9,1462
tt0119304,2.312844,4.8,32
tt0369226,5.871243,3.1,174
tt3014666,6.127302,5.5,122
tt0192111,5.594987,5.3,73
tt0159097,10.505387,7.1,841
tt0053793,6.409512,7.3,41
tt0102749,2.404818,5.8,17
tt0049513,4.31583,6.9,90
tt0081554,5.720538,6.9,96
tt0114345,6.752119,5.5,111
tt0141907,1.901065,4.1,18
tt4341582,6.164561,7.1,103
tt0088256,0.941383,5.5,16
tt0462229,11.107148,4.7,78
tt1602613,6.069475,5.6,886
tt1289406,7.478206,6.7,351
tt0999913,8.048422,5.5,147
tt0118158,9.568604,6.3,86
tt0094008,3.50111,5.8,38
tt0049470,12.547763,7.3,276
tt0290332,2.483032,5.3,26
tt0085271,9.974312,6.3,65
tt0805526,7.485908,6.6,64
tt0326905,14.987902,6.8,91
tt0097138,8.473602,4.9,154
tt2278871,4.938148,7.2,1114
tt1604171,6.167646,5.7,139
tt1633356,6.062425,4.9,134
tt0256276,4.439325,6.5,54
tt0450314,8.333526,5.6,298
tt1850397,14.443362,6.4,500
tt0117104,9.1861,5.5,26
tt0384286,9.454335,5.6,127
tt0188640,2.80298,5.9,44
tt0108550,10.3919,7.5,943
tt1691916,38.995136,6.8,651
tt0112760,7.284477,5.7,137
tt1854236,4.711231,6.2,86
tt0264761,3.374229,5.9,50
tt0363589,6.447312,7.0,410
tt0179098,14.074906,6.4,54
tt0096332,6.815147,7.0,89
tt1230448,1.355305,6.5,27
tt0100828,4.476578,6.2,48
tt0069257,0.760855,6.1,7
tt0089730,6.174699,5.3,75
tt1913166,5.192042,4.9,120
tt3142232,2.031919,5.4,15
tt1455811,0.494047,5.1,10
tt0057163,4.526285,7.4,69
tt0056800,2.972529,6.5,38
tt0325055,11.37237,5.6,34
tt0053644,2.738268,6.1,22
tt0055031,9.697105,7.6,161
tt0047437,7.359741,7.4,284
tt0024216,8.73274,7.7,346
tt0080881,2.599219,6.4,18
tt2288121,0.712585,3.5,6
tt0202402,3.550711,5.1,38
tt0124198,10.432293,6.2,182
tt0468565,6.081201,6.9,96
tt0089114,4.935932,6.2,120
tt6673840,10.181,7.4,20
tt0113451,11.418917,5.1,45
tt1796603,0.877477,3.0,8
tt0254686,6.363081,7.2,197
tt0469021,10.130541,6.5,184
tt0094701,5.296777,5.3,31
tt0469903,4.929912,7.1,71
tt0116269,1.296862,4.8,4
tt0111333,8.910462,6.5,251
tt1182345,13.336773,7.6,1831
tt1124396,0.878255,3.6,7
tt1655607,1.132835,6.9,19
tt0068408,12.843375,6.1,243
tt0091993,6.41742,5.8,60
tt0038650,15.031588,8.0,1103
tt1307068,6.947533,6.3,713
tt2004432,6.842107,5.9,156
tt1433822,7.683008,4.5,140
tt1566501,4.482331,6.4,35
tt0897361,4.961439,4.0,81
tt1674784,9.540381,5.4,333
tt0031679,8.168694,7.9,245
tt0047296,18.211093,8.0,368
tt1182972,1.921026,6.5,20
tt0414852,7.594102,6.5,572
tt0466839,11.414893,5.7,94
tt0102849,1.739182,4.8,22
tt0354899,10.603991,6.8,253
tt0404390,7.435544,7.0,332
tt0054698,10.879289,7.6,1082
tt0120802,7.725843,7.2,101
tt1981107,6.839535,6.7,234
tt1308729,8.26008,5.2,490
tt0117628,10.827266,5.7,71
tt1423995,11.275132,5.2,195
tt1334260,8.278794,6.8,755
tt0405676,7.991168,5.7,95
tt0455957,5.91265,6.6,100
tt0057012,9.80398,8.0,1472
tt2822672,6.55207,5.8,47
tt1091229,1.970481,5.3,13
tt1179258,4.164362,5.9,57
tt0079180,7.085212,6.0,38
tt1046997,11.221186,6.3,90
tt0274812,10.936827,6.8,378
tt0418460,1.280578,4.9,17
tt0056193,9.551293,7.3,409
tt0165494,0.556435,3.8,13
tt0099747,10.10753,5.5,20
tt0279331,4.98408,6.5,86
tt0099817,7.958502,5.5,75
tt1704573,5.875181,6.5,325
tt0095990,6.606325,5.8,95
tt0315642,3.571376,6.7,36
tt0032273,1.52854,6.5,8
tt0082894,8.031761,6.3,25
tt1866249,5.760319,6.6,183
tt0038213,0.230534,5.8,4
tt1450321,14.970485,6.8,628
tt1366687,1.03513,5.1,14
tt0900387,5.02124,7.1,284
tt4353996,1.176258,6.6,14
tt1365050,11.732546,7.6,476
tt0040724,6.09018,7.3,85
tt0076929,2.914738,6.4,42
tt0051201,9.730217,8.1,278
tt0199290,0.651625,5.9,15
tt0061584,3.896319,6.0,42
tt0016641,2.301098,7.3,20
tt0049452,1.157582,5.5,21
tt4669986,7.977391,6.5,275
tt0113409,8.497643,7.1,307
tt0133046,8.345784,5.3,94
tt0785035,8.553506,5.9,156
tt2456720,2.208906,4.8,54
tt0086987,1.456485,3.4,23
tt0942903,9.218164,6.9,143
tt0134618,4.512767,6.0,71
tt0100260,6.372135,6.4,106
tt0069768,11.644764,5.5,220
tt0267287,5.019679,6.8,93
tt2865120,9.115939,5.4,188
tt4520364,12.521071,5.7,436
tt0086984,9.836894,6.4,138
tt1648112,4.330658,6.3,73
tt1247640,9.133996,6.0,323
tt0337692,7.323283,5.5,312
tt1031969,9.469873,5.6,159
tt0048728,5.490505,7.1,299
tt0075909,2.217704,5.0,27
tt0178868,6.486126,6.9,310
tt0340377,5.85469,7.4,213
tt0091474,0.338943,6.8,340
tt0086993,7.492912,6.5,109
tt0285462,6.515316,4.7,148
tt1212428,21.791111,6.1,598
tt0107387,9.096254,5.1,120
tt1837703,10.850442,5.7,368
tt0090756,7.882247,7.7,758
tt0027977,8.159556,8.1,881
tt1602476,1.490661,5.6,17
tt0046126,14.605464,6.7,84
tt0246464,5.761051,6.3,82
tt1714203,5.615205,4.1,319
tt0102558,10.39662,5.0,88
tt0092226,1.884204,6.1,26
tt1352824,10.445867,5.9,514
tt1423894,7.524794,7.2,131
tt0196857,4.347609,5.7,53
tt0472071,4.522772,5.5,59
tt0095497,11.370288,7.0,206
tt2358891,8.176134,7.3,745
tt0105399,10.222076,6.2,72
tt1893256,8.801032,5.9,587
tt0114478,5.552946,7.2,115
tt0120133,3.354869,5.5,46
tt0371257,6.572049,6.5,346
tt3896100,6.345679,5.7,52
tt1440732,7.720692,5.0,155
tt0189998,12.691457,6.6,149
tt0099329,8.290384,6.4,289
tt0415678,0.768181,5.0,13
tt0103962,5.996407,4.3,13
tt0094761,10.874079,6.3,187
tt3203606,7.358726,7.3,507
tt1405810,5.633243,7.1,122
tt0361862,10.737565,7.3,1280
tt0091445,4.57535,6.4,53
tt0055184,5.317544,6.8,76
tt0083542,1.057387,5.5,26
tt0480025,2.514638,7.4,370
tt0113972,6.848591,6.1,190
tt0097053,0.011574,5.9,10
tt2091473,7.06378,6.0,246
tt1034314,19.561767,5.6,563
tt0360009,7.364519,6.3,104
tt1816518,7.225779,7.6,148
tt1374992,7.37535,6.2,1094
tt0169102,4.97451,7.2,125
tt0088194,6.958758,6.6,105
tt0096764,7.753416,6.9,185
tt0470705,5.911303,6.0,167
tt0808399,13.825651,5.7,174
tt0094964,5.53202,7.0,176
tt0119349,7.146352,6.9,181
tt0120531,2.326115,5.5,10
tt0092076,9.501011,5.8,142
tt0109402,14.362544,5.6,89
tt0020960,5.276546,6.1,19
tt0054198,1.879162,6.0,14
tt0058777,11.604242,7.4,137
tt0072856,6.064898,6.0,125
tt1820462,0.397106,3.1,7
tt0044081,7.301719,7.6,291
tt0009369,0.211008,7.5,4
tt0056217,6.641827,7.4,272
tt0042200,2.090588,7.3,22
tt0044706,16.715935,7.6,343
tt0006333,0.917777,6.0,7
tt0106677,6.8652,7.4,588
tt2172935,5.229975,6.7,86
tt0114558,11.223055,6.8,334
tt0808279,6.841586,6.3,562
tt0089941,15.236541,7.0,129
tt0053580,4.73816,6.5,63
tt5091538,5.662109,6.7,202
tt0074512,4.845776,6.7,86
tt0340110,0.99099,5.7,10
tt1645089,10.30535,7.7,287
tt1486834,10.841891,6.7,688
tt0110057,9.47666,7.7,91
tt0097162,13.464246,6.6,178
tt0111127,5.305311,6.4,137
tt0970452,9.667535,5.6,399
tt0343121,2.409278,8.0,26
tt0041841,2.828371,6.2,33
tt0039416,6.857318,6.8,48
tt2170299,5.847166,6.4,335
tt0804516,9.276709,5.7,162
tt1091617,1.787297,4.1,33
tt0111323,3.644641,6.1,53
tt0405296,11.643026,6.8,540
tt1294688,15.280219,6.1,243
tt0023876,1.196324,4.6,17
tt0113691,7.698526,6.4,28
tt0054997,9.333533,7.6,243
tt1276419,8.168448,7.2,244
tt1791682,9.42755,5.8,387
tt0113243,14.810519,6.2,406
tt4187590,1.557671,5.9,6
tt0488478,6.975759,6.6,54
tt0377107,7.983902,6.2,182
tt2908856,11.127162,6.1,100
tt0068421,3.189566,7.0,60
tt2088003,6.911759,5.3,387
tt2671776,0.852186,6.3,8
tt1053810,10.267905,5.6,252
tt0102005,7.338188,6.1,86
tt0091499,6.614078,5.5,170
tt0030993,4.370592,7.2,79
tt0113540,4.877872,6.8,280
tt0109447,2.459293,5.3,17
tt0889588,14.622493,6.5,53
tt0180093,6.874828,7.9,2525
tt0482527,8.960677,6.3,279
tt2371486,6.261686,6.6,52
tt0351817,4.281103,7.5,95
tt0166110,6.513545,4.3,36
tt0465142,4.936369,4.9,97
tt0125971,3.10924,5.6,30
tt0095863,8.733192,6.3,97
tt0130827,7.765379,7.2,672
tt0299930,11.415316,3.5,105
tt0095774,11.516965,5.6,16
tt0097626,9.059459,6.1,49
tt0077572,5.05047,6.4,94
tt1800302,16.01076,6.6,403
tt0080437,5.395103,6.8,83
tt2318405,9.56013,5.9,24
tt0045152,11.064858,7.9,747
tt0103594,11.618792,6.1,180
tt0095675,5.470331,7.6,149
tt0462504,9.604564,6.9,339
tt0085121,3.372304,6.1,37
tt0476527,1.12908,4.9,14
tt0180052,8.903754,4.4,143
tt1255953,8.596012,7.9,496
tt0053716,2.395067,6.7,25
tt0439630,4.331811,6.3,46
tt4270516,4.565414,6.1,143
tt0396707,12.01334,6.2,112
tt0180073,5.387711,6.8,129
tt0462465,14.611182,6.1,354
tt1285309,6.632194,6.1,212
tt0424136,9.62025,6.8,726
tt1425922,5.346121,5.8,16
tt0115736,12.449574,6.9,203
tt1018765,12.158176,5.8,196
tt0044079,15.41773,7.6,379
tt0055608,3.013584,5.4,35
tt0048750,6.486117,6.9,152
tt0058329,6.409094,7.2,233
tt1190617,2.151159,4.1,20
tt0074486,7.871001,7.5,500
tt0038109,5.47596,7.3,166
tt0473024,0.906143,4.2,10
tt0084472,0.577976,5.1,8
tt0106557,8.357875,4.5,50
tt0089893,10.014248,5.0,211
tt0107156,2.709403,6.8,42
tt0810922,8.132811,6.2,215
tt0280380,5.781667,5.8,140
tt0094924,3.970538,6.4,49
tt1447508,2.927226,7.7,17
tt0082005,1.701134,5.0,1
tt0036628,0.789574,7.0,4
tt0845046,7.391932,6.7,146
tt2737050,6.868022,6.8,327
tt0387059,2.308846,5.2,26
tt1714206,8.098964,6.8,1074
tt0137338,3.227046,6.1,44
tt2403021,9.336019,5.0,359
tt0780516,6.496913,6.6,142
tt1020558,13.00941,6.0,394
tt0315824,6.496271,5.0,77
tt0399901,0.129004,5.0,3
tt0061747,7.266576,6.7,197
tt0059825,4.412564,7.2,74
tt0059573,2.46167,7.6,27
tt1599975,2.156145,6.4,42
tt0439289,4.926507,5.8,80
tt0045125,3.803547,6.9,13
tt0106950,5.970749,5.7,171
tt0091635,6.706262,5.8,183
tt1244754,11.024462,7.0,195
tt0098213,4.877009,7.4,92
tt0113819,15.899134,6.7,145
tt0089346,5.709878,6.4,59
tt4429194,8.966129,6.4,25
tt0120399,7.923639,6.5,185
tt2321549,8.832788,6.5,1890
tt0486674,10.510245,5.2,128
tt1174730,7.016044,6.9,114
tt0312329,1.381022,4.5,32
tt0057007,1.920256,6.0,31
tt1370429,0.328668,5.6,5
tt0107745,3.14419,6.2,24
tt0066826,0.659046,6.0,3
tt1272051,4.037707,6.3,10
tt2855648,2.39989,6.9,32
tt0804497,8.172013,6.9,691
tt1002563,1.729199,6.4,30
tt1810683,11.946728,7.0,190
tt0119210,3.742824,5.8,52
tt0846040,4.391819,6.7,61
tt0256009,11.111299,7.2,277
tt0120684,6.788021,6.8,82
tt0095326,1.99161,5.1,17
tt0160184,13.374415,5.4,126
tt0240900,8.559189,5.4,60
tt1142433,9.747452,5.0,102
tt0101371,2.471038,5.5,12
tt3216348,15.909181,5.1,142
tt3605418,11.898793,4.9,880
tt0118564,4.40959,5.8,56
tt0857190,5.311336,5.7,110
tt0114536,1.522412,5.1,7
tt1472584,6.703892,5.1,234
tt0102753,3.399684,6.4,21
tt0844671,10.36168,4.8,48
tt2649554,12.682927,6.2,705
tt1620935,7.873407,6.7,192
tt0101410,8.387026,7.4,450
tt1470023,11.107782,5.1,184
tt2017038,12.74965,6.6,679
tt5282006,2.981184,6.0,20
tt0858486,6.737142,6.0,98
tt0248216,0.736613,4.4,5
tt1480656,6.087109,5.1,337
tt0087968,10.941991,5.8,15
tt1242460,5.325574,7.4,687
tt0061619,7.070669,7.2,96
tt0033729,9.058578,6.9,76
tt0032976,8.590813,7.7,346
tt0060196,16.788787,8.1,2371
tt0296574,1.472352,6.3,16
tt0069089,5.738871,6.2,111
tt0242256,0.570021,6.7,6
tt0063787,1.310245,5.5,16
tt0188030,2.753674,7.2,44
tt1821317,0.372987,6.8,8
tt0065112,5.757907,6.1,78
tt0319736,0.904409,7.2,15
tt0318081,4.980191,4.8,111
tt0433387,7.659357,6.3,198
tt0800241,12.497651,6.5,197
tt0092991,13.520764,7.5,760
tt0354766,6.212433,5.7,34
tt0452624,5.290831,5.9,87
tt5082014,1.188662,7.4,10
tt0432047,2.004745,6.9,17
tt1499201,1.82294,6.1,27
tt0091203,16.870392,6.8,642
tt4088268,6.859858,6.8,110
tt0109707,11.720358,7.3,639
tt3553976,16.519276,7.9,1569
tt0120777,14.734622,5.9,56
tt1951181,6.985915,6.2,256
tt1675197,0.63535,7.5,10
tt0092106,6.759181,7.1,134
tt0091209,5.648114,6.9,192
tt1403130,10.861339,6.5,58
tt0100258,10.644165,6.7,198
tt0100680,1.914881,5.7,26
tt4385888,9.855927,7.3,213
tt2465578,7.217205,7.4,201
tt0114367,12.758848,6.1,154
tt0114666,1.820419,4.6,9
tt0088103,4.11214,5.0,22
tt1189073,9.782542,7.4,797
tt0116404,5.230661,7.0,11
tt0089243,1.542843,4.7,14
tt0099740,6.026159,5.6,88
tt1270262,6.681211,6.5,208
tt0118531,6.476493,6.5,141
tt0119485,5.01752,6.8,92
tt0093596,7.569698,5.5,21
tt2401878,10.428421,6.9,472
tt0086336,3.985819,6.6,38
tt0037913,4.497049,7.4,81
tt1602098,5.379039,6.2,136
tt0106364,7.29114,7.4,218
tt0775489,6.971611,7.2,177
tt0117826,3.450402,5.0,63
tt0140888,4.919716,7.6,132
tt0100053,1.961208,4.9,20
tt1596345,7.399209,6.7,272
tt0445946,5.615957,5.5,152
tt0101701,1.33724,5.5,27
tt0470765,12.142183,5.9,44
tt0112471,11.304979,7.7,984
tt0844286,7.973126,6.8,206
tt0105824,8.004555,6.1,10
tt5824826,0.902294,7.8,4
tt2005374,12.388833,6.1,473
tt2870708,6.149295,6.4,304
tt1465522,6.771868,7.3,860
tt0227005,3.531682,6.3,55
tt0092115,10.254424,4.9,60
tt1701210,6.652197,5.9,77
tt0437954,6.100498,4.3,75
tt0166276,8.893957,4.2,79
tt0041866,7.715087,7.1,61
tt1441395,6.707974,6.0,1118
tt0427470,12.153493,6.6,209
tt0848557,12.001324,5.4,194
tt0035959,0.662665,6.0,8
tt0238380,12.671637,6.9,1584
tt0095652,8.120652,6.2,58
tt0843326,0.654216,5.6,6
tt1532503,6.72639,6.8,353
tt1193516,1.640271,5.4,21
tt0064116,15.589351,8.1,1160
tt0435528,10.425288,6.2,62
tt3451498,1.14731,6.3,12
tt0028216,0.770164,7.0,13
tt0118589,5.420686,3.4,38
tt4629032,4.445867,6.5,14
tt0165643,1.191035,4.6,20
tt0902272,7.031719,6.6,115
tt0163676,1.991904,4.7,15
tt0976222,5.757056,5.4,129
tt0065938,8.418662,7.2,191
tt0367027,11.547748,6.3,141
tt3253930,11.127717,7.1,255
tt0200720,2.492547,6.4,25
tt3060952,8.138622,7.0,234
tt0935075,7.007993,6.8,167
tt0176783,8.25719,5.6,70
tt4271820,0.739665,5.8,12
tt0114697,1.557791,4.3,26
tt0100150,7.495853,7.5,431
tt0421238,9.387212,7.1,221
tt0071853,10.43389,7.8,1742
tt1294213,5.829644,5.8,85
tt0331953,6.57613,5.1,107
tt0055312,2.649605,7.3,25
tt0051885,0.837849,6.1,7
tt0065446,2.537955,6.9,48
tt0045546,3.424057,6.7,41
tt2667960,3.791712,5.8,46
tt0490170,0.304988,3.6,8
tt1578116,0.597058,6.2,9
tt0043014,11.709777,8.2,533
tt0073092,3.427039,6.7,56
tt0088178,2.359569,8.7,47
tt0116414,4.405169,5.7,17
tt0339034,1.695369,3.0,23
tt0468489,12.155115,6.5,243
tt0054047,10.650752,7.4,472
tt0046435,12.90707,6.2,27
tt0222012,0.562097,6.7,10
tt0091276,3.580884,5.5,59
tt1172991,5.858803,6.4,218
tt0090693,4.397712,6.9,14
tt0080771,1.409619,3.3,16
tt3621288,0.334881,3.9,5
tt1321511,7.882353,5.9,632
tt0107426,5.681522,6.0,76
tt0401711,6.980486,6.7,213
tt0332658,3.715985,6.4,51
tt0418110,4.387586,7.3,112
tt4337690,4.222496,5.4,40
tt0104107,3.622179,6.5,31
tt1542482,1.077252,6.9,22
tt4814290,1.434237,6.8,23
tt2126235,31.314013,5.5,164
tt3338310,0.536756,4.5,5
tt1437366,0.702712,6.2,10
tt0092147,4.119963,5.9,39
tt5161058,1.681316,7.2,13
tt0280760,5.536107,6.5,95
tt0058085,2.824367,6.0,34
tt0088258,13.981499,7.6,413
tt0097240,8.026112,7.0,117
tt0250371,1.782377,6.7,14
tt0091344,2.663294,4.6,29
tt0119517,1.564774,5.9,17
tt0907119,0.880482,3.6,6
tt0105211,5.618237,6.6,54
tt1213648,11.421915,5.7,261
tt1925431,10.999209,5.6,223
tt2692904,12.792394,6.9,780
tt0110289,0.677253,4.3,3
tt1013860,12.763976,4.5,142
tt0454987,3.856827,5.5,70
tt0480239,3.4949,5.0,61
tt0116707,9.490858,5.0,87
tt0484740,5.20735,6.5,84
tt0101786,8.237799,6.4,66
tt0328538,14.379879,6.6,355
tt1093370,3.959411,7.2,55
tt4190530,8.475983,6.9,251
tt0096193,1.835663,5.6,15
tt2321517,1.822246,4.6,10
tt0120645,7.336354,4.1,19
tt4142022,3.782108,6.0,142
tt0117802,6.578025,6.8,255
tt0034248,5.660476,7.1,140
tt0025316,6.465257,7.7,283
tt0043278,5.565203,6.9,133
tt2295196,1.050644,6.2,11
tt0085384,8.046375,3.6,42
tt0026752,7.135215,7.1,72
tt0810784,14.337355,6.8,111
tt0071360,13.245638,7.5,377
tt1588334,5.872794,6.1,220
tt0102818,5.857368,5.5,13
tt5190958,0.446454,9.0,2
tt0145893,6.053045,5.5,52
tt1183251,5.1991,5.5,79
tt0343996,2.637004,5.9,25
tt0095925,11.841506,5.9,108
tt0034746,6.165341,6.2,12
tt0019729,0.758012,5.0,20
tt0110759,8.888278,6.0,42
tt1320239,7.787593,6.1,151
tt0040897,8.070589,7.9,285
tt0113101,9.026586,6.5,539
tt0055257,6.945886,6.2,45
tt1379222,2.382068,6.3,26
tt2224317,1.296259,6.6,27
tt1341167,11.934045,7.1,428
tt4501454,5.510288,6.0,89
tt1075114,3.372144,6.5,65
tt0263734,1.418177,4.6,8
tt1470827,6.154375,6.2,597
tt2350496,10.766409,7.3,226
tt4572792,24.553725,7.6,84
tt0165710,6.074832,6.7,102
tt1672091,1.049484,6.6,6
tt2980210,9.104543,5.8,347
tt4034354,9.196678,6.8,839
tt0055279,1.058213,6.0,3
tt1334470,1.160169,4.2,15
tt0098180,2.549325,4.9,50
tt0258273,2.605409,6.3,23
tt0105665,8.736538,7.3,429
tt1740707,6.097684,6.7,590
tt0138510,6.851628,6.1,183
tt0116743,7.124652,5.7,36
tt1899353,10.528833,7.3,1076
tt1231277,7.959965,3.6,124
tt4954522,14.320893,7.0,451
tt1954470,9.777219,7.0,83
tt0087344,2.894009,6.7,34
tt1720254,1.417392,5.7,16
tt3276924,8.476315,5.6,322
tt0292490,4.558793,7.1,71
tt4645330,10.754997,6.5,161
tt0089881,12.250232,7.9,349
tt0377992,1.551648,8.2,12
tt0114614,7.602087,5.5,140
tt0914797,3.334353,6.6,60
tt1862079,7.067494,6.8,562
tt0368794,9.351557,6.6,202
tt0034587,5.110716,6.9,96
tt0067992,12.416635,7.4,826
tt0071772,1.391503,5.7,18
tt0188674,4.988283,6.8,98
tt0119906,9.657642,5.6,26
tt0029852,0.632261,4.8,6
tt0056875,1.783412,5.3,26
tt0055256,3.044499,7.6,66
tt0451038,1.500013,4.7,11
tt0114108,2.304986,5.2,32
tt0029843,10.685036,7.6,170
tt0145734,3.010088,6.6,49
tt1478964,9.93263,6.3,748
tt0085764,2.290725,5.2,14
tt0477337,0.414793,5.6,7
tt0393109,9.00314,6.8,366
tt0097257,11.509677,5.5,110
tt0091472,4.29831,6.1,26
tt0283900,5.94395,7.0,276
tt0120735,4.60786,7.5,1671
tt1974420,8.167673,5.9,103
tt0473102,1.830829,6.3,31
tt1373243,0.314167,5.6,8
tt1441956,0.749665,6.3,15
tt0271946,3.136813,5.9,120
tt0425601,3.172765,6.8,53
tt1024715,7.589546,6.0,128
tt0094919,9.97523,5.0,91
tt0047849,7.441117,7.0,88
tt0285441,1.135061,6.3,21
tt0100332,4.101295,8.2,67
tt4853102,6.488277,6.2,485
tt1454523,3.546146,6.9,33
tt0093560,7.075534,6.8,146
tt0384369,5.69684,7.3,74
tt0081747,2.284384,7.0,22
tt2515030,12.543659,6.1,281
tt0102395,2.62835,4.6,28
tt0437447,1.883227,7.3,21
tt0189584,4.896026,6.8,91
tt3707106,12.61223,5.4,159
tt0104376,1.386549,4.1,7
tt2363213,11.365247,5.7,59
tt0078480,5.602126,7.3,159
tt1532382,1.900502,6.0,13
tt1646980,5.498819,5.8,226
tt0116922,8.449722,7.5,572
tt1726669,6.452069,6.4,433
tt0085780,3.554491,5.9,56
tt0266391,13.546984,6.0,33
tt2171867,9.003792,4.9,229
tt2299842,5.194433,6.9,92
tt4005402,10.156891,7.4,566
tt0838247,9.063797,5.4,253
tt6574272,12.560942,5.7,52
tt0093744,3.078111,5.8,18
tt0118829,3.406836,7.1,25
tt1758795,7.081404,5.5,348
tt4158096,10.403003,6.3,232
tt0485947,11.817059,7.9,1616
tt1758692,8.002786,6.5,386
tt0805570,13.389735,6.0,294
tt0388789,2.96237,6.7,61
tt4540710,14.017754,7.2,317
tt1280558,3.143929,7.0,61
tt0092240,7.657918,5.9,109
tt3612616,14.876086,8.2,734
tt2771372,7.510159,6.5,482
tt0080855,4.393576,6.5,56
tt0096219,6.865513,6.7,46
tt0465967,1.833185,6.4,14
tt1235189,6.712894,6.4,218
tt2398231,7.375146,6.4,262
tt0338135,4.125182,6.7,80
tt2319580,15.108283,6.7,109
tt1433811,12.18812,6.9,459
tt0087015,4.412794,5.3,62
tt2937696,6.737797,6.3,419
tt1841642,9.234943,5.0,153
tt5946128,3.699552,6.9,46
tt0090065,0.732814,6.8,11
tt0049778,2.747776,6.8,30
tt0410454,0.52757,6.1,7
tt4731008,8.969705,5.8,85
tt0450340,13.505066,6.4,116
tt1990314,9.291494,6.8,454
tt1014763,17.608346,6.1,565
tt1412528,8.645067,6.2,192
tt0087544,11.267366,7.7,808
tt0107750,7.96433,6.8,30
tt0107983,9.796318,5.7,36
tt0120255,6.002992,6.8,108
tt0093743,0.743274,5.3,4
tt0067800,6.632663,7.2,230
tt1060249,0.758985,2.6,5
tt0049223,6.379966,7.2,238
tt1791681,1.574542,3.5,26
tt0092618,15.170192,7.3,80
tt0138704,10.621362,7.1,600
tt4062536,8.4702,6.7,696
tt1572491,4.896196,6.6,95
tt0027125,7.122093,7.4,62
tt1742336,10.850569,6.5,140
tt0062138,5.352165,7.1,97
tt0047494,0.313032,4.1,5
tt0093191,6.357321,7.5,256
tt0165854,7.807741,6.6,110
tt0111187,3.034244,5.2,12
tt0389326,2.203949,7.6,23
tt0109445,10.513367,7.4,769
tt1103275,8.032616,6.6,157
tt1541160,8.132748,6.2,261
tt0093624,6.942907,6.1,71
tt0409527,0.922522,5.0,1
tt0055798,4.471515,7.0,71
tt1675192,5.59686,7.1,479
tt0155776,7.434797,5.9,93
tt0066549,3.240624,7.1,33
tt0110005,9.438042,6.9,299
tt1584016,5.174738,6.5,201
tt0330602,2.873356,5.6,28
tt3164256,10.394389,5.2,102
tt0117260,0.343579,5.5,5
tt0115632,4.797674,6.6,97
tt0141399,0.907927,4.6,14
tt0076809,0.950176,3.8,17
tt0051622,8.407369,6.9,129
tt0084887,0.815844,4.2,5
tt0070379,8.212399,7.2,359
tt0040369,5.499979,6.8,68
tt2397535,10.524204,7.3,1971
tt0046912,7.853231,7.9,539
tt0066115,0.619657,4.8,9
tt0048356,11.589081,7.2,75
tt1017451,19.42051,6.3,262
tt5286444,1.68625,7.4,44
tt2294677,9.769134,6.4,232
tt0040694,1.830178,6.6,17
tt0441007,2.961621,6.0,17
tt0038057,6.360746,7.7,70
tt0082648,1.38292,3.7,14
tt0323944,6.0872,6.6,114
tt0119578,1.7442,5.7,10
tt1082886,5.598338,6.2,95
tt0271219,9.203416,5.5,19
tt2051894,1.472463,6.3,25
tt0120907,11.446138,6.7,487
tt0106233,11.600224,6.1,20
tt0024166,1.533379,6.3,6
tt0469623,11.446274,6.7,90
tt0040064,3.803268,6.1,39
tt0114113,1.433544,6.6,9
tt0091954,5.681582,7.0,106
tt0316188,1.178723,7.8,14
tt0102782,8.929393,5.2,156
tt0147612,5.493697,7.4,197
tt2082197,3.779077,7.2,84
tt3268668,5.396271,5.6,94
tt2585562,0.602301,5.5,11
tt1267500,0.686155,3.5,5
tt1695765,0.230075,6.0,3
tt1954701,7.90622,7.0,113
tt0027438,5.39865,6.8,18
tt0105378,8.678022,7.0,80
tt0906665,9.239882,6.3,79
tt0404030,7.738924,7.4,251
tt0108041,0.04586,6.9,5
tt0119832,2.818802,5.7,24
tt1214961,0.815203,6.6,5
tt0419749,15.295949,6.5,139
tt2265171,8.434884,7.6,832
tt0374563,8.687797,4.4,134
tt0063592,6.229674,5.4,12
tt0111579,2.486073,6.7,35
tt1531663,4.779994,6.0,210
tt0024481,2.886254,6.8,24
tt0179116,4.928139,6.5,101
tt0028333,6.507597,7.1,47
tt0022958,11.118844,6.5,67
tt0106505,1.316741,3.7,10
tt1094241,2.065753,6.9,10
tt0099939,11.230031,6.5,130
tt3859076,6.133745,6.5,165
tt1586752,5.87767,6.4,292
tt0290212,2.186683,4.8,26
tt0117477,10.879283,7.4,30
tt0893412,11.096527,5.0,87
tt0062711,14.304205,5.7,149
tt0036775,6.49432,8.0,425
tt0015864,6.202041,7.7,308
tt0012349,8.168456,8.0,404
tt5320514,0.350207,7.7,6
tt0056241,4.368765,7.5,65
tt0289635,5.235419,5.9,46
tt0086216,8.20519,6.8,141
tt0113463,1.596058,5.2,10
tt0335563,8.062123,6.2,73
tt0099277,6.700173,6.3,46
tt0091578,2.793003,6.6,51
tt1216491,13.524048,6.6,359
tt0086405,0.406505,4.8,3
tt0108187,3.372523,3.8,44
tt0066434,8.152085,6.4,265
tt0796375,4.725299,6.2,82
tt0097334,1.629224,5.9,23
tt1747958,14.934555,6.0,175
tt0453365,0.947509,5.6,10
tt0383222,6.514132,3.6,120
tt1366338,4.612622,7.0,20
tt0239986,2.678923,5.6,16
tt1869716,6.53667,6.5,308
tt0089015,1.553107,6.7,21
tt3352390,14.282584,5.3,376
tt0107302,8.4337,6.5,209
tt2062575,0.546165,5.0,6
tt1713440,3.138159,6.7,50
tt0118789,9.167761,7.2,172
tt2980592,6.441964,6.5,661
tt2382396,13.784411,6.5,346
tt3442006,10.197503,6.2,371
tt1232776,6.070216,6.9,256
tt2261287,16.53732,7.1,415
tt0090670,10.092348,6.7,67
tt3716530,8.226065,6.6,498
tt0106761,5.190767,3.9,65
tt1175506,3.600917,6.6,50
tt3614530,5.394112,5.4,132
tt0087995,6.357559,6.7,146
tt0093543,5.553737,6.3,23
tt5998104,0.354748,6.4,7
tt0074706,2.482536,5.2,10
tt0083254,0.69162,4.9,7
tt2345737,6.561373,6.1,295
tt1620549,0.884241,5.1,14
tt0335013,7.803563,5.7,21
tt0422295,5.108321,5.8,73
tt0024034,4.718154,6.1,38
tt0105017,4.179487,7.0,38
tt0031725,5.120036,7.3,77
tt0102915,11.521011,5.7,99
tt0032143,5.076649,6.4,26
tt1172570,9.521043,6.9,756
tt0110329,3.3924,4.8,51
tt3801252,0.241973,6.2,3
tt4881242,0.633653,4.4,5
tt0052311,9.665347,7.6,292
tt4901756,1.896218,5.3,10
tt0023196,1.41344,6.1,9
tt0024548,1.840758,5.2,28
tt0066090,2.27258,5.9,16
tt0050629,4.250819,6.1,12
tt0040746,7.248676,7.8,539
tt0087884,11.635837,7.7,282
tt1985019,8.076305,6.6,192
tt0082507,1.08281,3.8,6
tt0120107,3.733574,4.0,12
tt5247022,10.300307,7.0,311
tt1532261,0.928271,4.6,5
tt5700672,22.685169,7.7,984
tt1748197,4.850968,4.7,150
tt0113749,8.25547,6.8,400
tt0086541,7.945039,7.1,464
tt0107719,1.418221,5.6,5
tt1656186,7.759429,5.1,345
tt5819280,0.756243,6.7,11
tt0084156,1.629796,6.0,12
tt3289728,19.803969,5.9,386
tt0100594,13.798247,6.4,51
tt0221809,0.113042,5.5,3
tt0244504,1.075939,6.5,14
tt0298744,7.936578,6.1,56
tt0124179,4.967667,5.4,25
tt2016940,11.829231,5.8,295
tt0162710,2.493289,6.7,24
tt0086429,8.923953,6.3,29
tt0115676,2.936443,3.9,16
tt0104815,9.972591,6.6,243
tt0043116,0.109913,7.0,1
tt0361309,2.127661,5.8,29
tt0490181,6.603748,5.1,142
tt0083193,0.303062,6.9,5
tt0234354,3.916221,6.0,44
tt0457530,0.797014,8.0,6
tt0089885,9.867238,7.0,263
tt0103759,6.417037,6.9,162
tt0460505,0.860734,6.1,17
tt0027690,0.948775,2.5,2
tt0102536,8.291886,7.5,165
tt0416292,0.975857,6.2,11
tt0037008,9.884516,7.6,173
tt0069976,8.005804,6.7,23
tt0061523,4.928589,5.9,36
tt0449487,6.274736,5.7,214
tt0051207,8.56081,6.9,105
tt0083001,1.307263,5.6,19
tt0055304,4.392322,6.9,67
tt0072761,3.669545,6.0,16
tt4950110,2.254096,7.0,27
tt0072973,3.875842,6.8,26
tt0037465,0.773081,5.5,2
tt0046534,5.609399,6.8,172
tt0105226,5.137903,6.4,71
tt3312830,8.717661,6.7,625
tt0050530,0.75684,5.2,12
tt0164085,1.969282,7.0,17
tt0117791,2.167132,5.3,21
tt1278340,7.974726,6.1,313
tt4016934,16.727405,8.1,453
tt0120906,3.621052,6.0,56
tt1172049,6.925667,6.6,661
tt1491044,13.132127,6.4,368
tt0259308,0.030576,3.7,5
tt1820555,0.445269,4.7,3
tt0310775,6.314697,7.3,302
tt0162360,2.939685,5.5,39
tt0365125,7.665431,5.4,65
tt0095853,1.194377,5.7,9
tt0096378,7.368928,6.0,10
tt1245736,1.08213,4.4,6
tt2392830,3.55933,7.5,26
tt0104779,11.298195,7.0,115
tt2452254,8.151346,6.7,267
tt1954352,5.138409,5.6,14
tt0386741,9.746725,6.7,78
tt3099498,6.820925,5.1,374
tt0101700,12.565447,7.4,320
tt1524575,5.149301,4.6,248
tt0119870,1.78367,3.9,8
tt3808342,6.403937,7.1,285
tt1549572,8.957372,6.8,535
tt4057376,5.978316,6.6,38
tt1554091,3.033797,7.0,54
tt0817177,10.279685,7.4,426
tt0106521,0.293373,3.9,21
tt0436613,1.687901,6.9,23
tt0064406,0.491227,6.7,3
tt1487118,6.496259,6.4,209
tt2343793,8.808328,5.8,218
tt0222850,1.795849,6.3,26
tt0112682,9.822423,7.6,308
tt0415481,1.760091,6.1,20
tt0978762,8.888393,7.8,596
tt0421229,2.6982,6.8,10
tt0107130,4.497919,7.0,14
tt0109578,3.595599,5.0,46
tt0120207,2.890462,4.2,49
tt0093509,3.350126,7.2,33
tt0489037,8.570312,7.2,59
tt0266747,4.15656,3.3,12
tt1662293,5.317284,4.6,59
tt0349159,0.079856,5.0,2
tt0242587,8.66635,6.7,31
tt0105078,1.305774,6.1,12
tt1602472,4.68182,5.4,94
tt1490785,4.654312,5.9,48
tt1235796,4.757269,6.5,84
tt0091757,3.916952,6.2,47
tt0171356,6.370105,5.4,24
tt1753722,2.315249,7.1,39
tt0458242,2.329388,6.6,27
tt0120199,3.596317,5.6,38
tt0035703,1.233446,7.1,8
tt4991384,0.867549,8.0,8
tt0381936,1.400186,6.0,18
tt0033563,14.655879,6.8,1206
tt1426329,6.383512,6.0,234
tt0091981,1.278665,5.1,12
tt1132449,5.153138,4.9,69
tt0411705,18.847707,5.1,103
tt0312549,9.548519,6.8,61
tt0171359,12.896203,6.0,35
tt0044177,0.328342,6.0,1
tt0359423,4.136105,6.8,45
tt0120604,7.745765,4.4,52
tt0405821,4.664474,5.7,74
tt0107277,0.768367,5.0,4
tt0790712,5.499937,7.0,120
tt0070165,0.820911,6.6,18
tt0074279,2.096666,5.7,20
tt0066249,4.127728,6.9,61
tt3517192,0.633359,6.9,8
tt0948530,1.572904,6.4,11
tt2979920,1.377993,5.4,17
tt0072665,0.619076,5.6,8
tt0057449,4.817514,6.3,56
tt4643432,1.333969,7.3,34
tt0330691,3.501564,4.7,46
tt0286244,8.35586,7.3,233
tt1620464,0.209434,5.9,4
tt3172532,14.986654,6.8,286
tt0401233,8.278525,6.8,116
tt0070679,1.424722,5.4,6
tt0053925,3.481988,6.5,71
tt0489244,1.017103,4.0,12
tt5614612,10.067238,6.0,39
tt0026071,1.810574,6.6,25
tt0303353,2.6493,7.3,19
tt0093771,2.527521,6.1,16
tt0912593,1.987795,7.3,23
tt1969062,6.502973,6.9,135
tt1220628,3.208138,5.7,20
tt1663321,3.78207,6.8,44
tt0025878,10.573867,7.4,97
tt1110037,0.039793,1.0,1
tt2891174,6.60913,6.8,240
tt1659343,12.887287,5.1,139
tt4806232,0.326862,7.4,7
tt0086969,16.243093,6.9,112
tt0082464,1.023164,8.5,4
tt0091671,1.392022,6.8,15
tt2140037,8.826071,5.4,293
tt4048272,9.117054,7.3,270
tt0448124,11.556057,7.3,51
tt1657510,5.636855,6.4,90
tt1496422,5.526878,5.4,244
tt0101373,2.151436,5.8,11
tt1974419,13.410522,6.4,926
tt1541995,2.003832,5.3,22
tt0933361,0.903061,5.8,6
tt0460611,0.752508,7.5,2
tt4285496,5.061041,7.8,129
tt0086617,13.293569,6.8,84
tt2328813,5.921772,6.7,41
tt4714782,11.186981,5.8,239
tt0091613,0.910047,2.0,2
tt3668162,0.955596,7.4,19
tt0043338,11.046411,7.9,128
tt0903627,2.002032,7.2,23
tt1331064,7.648005,5.7,37
tt0884224,4.800426,5.6,86
tt0161023,0.88888,6.2,11
tt0102757,8.319631,6.4,15
tt0027948,4.466335,6.6,8
tt0112541,11.528147,6.8,28
tt0246578,18.303148,7.7,3574
tt1718881,0.121844,4.0,3
tt4228746,0.195677,7.5,2
tt0091083,7.522655,6.5,105
tt0076299,3.099222,6.8,38
tt1680058,2.906503,6.8,74
tt0085868,3.132019,4.5,31
tt1996264,10.378756,5.8,111
tt0109376,1.060709,3.0,5
tt0376196,6.300001,5.5,16
tt0116378,2.772039,7.3,31
tt0015400,3.878515,7.4,37
tt0035884,1.121417,6.9,22
tt1715336,10.860471,6.5,202
tt0019096,0.251353,5.7,3
tt0479537,5.034585,6.4,147
tt0101615,2.329486,4.7,27
tt2012665,1.962873,5.1,26
tt0095488,9.97466,5.8,59
tt1032846,9.990406,7.4,158
tt1500516,0.712844,6.4,9
tt1731697,9.981121,5.1,244
tt1514041,5.805666,5.9,63
tt0390538,1.620207,7.5,22
tt0217107,0.06431,4.5,1
tt0420609,5.169999,6.4,60
tt0113677,10.058329,7.2,64
tt0097889,10.018693,7.2,50
tt0974613,4.674662,5.1,58
tt0098575,8.40852,6.7,50
tt0025617,0.631309,5.2,5
tt0409345,6.804406,6.0,111
tt0425430,9.629399,5.6,216
tt0873886,6.340655,5.9,321
tt0031971,7.970462,7.6,216
tt0115610,2.661026,5.7,33
tt1194417,8.5508,6.0,94
tt1372686,6.914615,5.9,133
tt1452628,8.419427,4.8,165
tt1932767,8.535611,7.4,149
tt1777595,2.691651,5.7,19
tt0323298,3.551063,6.3,18
tt0119558,10.618141,7.0,288
tt0434424,1.494688,4.5,13
tt0107594,4.08938,5.1,21
tt0034902,1.48335,5.7,6
tt0924129,6.036408,6.2,95
tt1922685,6.651567,5.5,120
tt0018183,0.205671,8.0,2
tt0281680,0.958152,5.0,6
tt2933544,9.383088,5.9,92
tt0892767,7.455953,5.5,124
tt3714720,5.723985,6.4,81
tt5662932,1.668794,7.1,27
tt0021814,7.503126,7.2,254
tt1103982,6.115299,5.2,83
tt0108000,0.941994,5.6,10
tt0066601,6.258456,7.1,78
tt1313092,9.649312,6.7,240
tt0033870,5.782544,7.8,435
tt1857842,5.411012,5.5,28
tt1480660,1.731527,6.9,25
tt0046248,0.892476,3.5,17
tt2112999,4.297654,8.1,80
tt0050083,16.503959,8.2,2130
tt1151359,9.954095,5.9,143
tt0435623,2.333661,6.2,38
tt1640548,5.874878,5.3,135
tt1321860,5.484379,6.2,281
tt0411951,12.17886,5.2,185
tt0017423,0.445526,8.0,9
tt0800164,0.170979,6.0,1
tt4871022,0.502326,5.0,4
tt0082892,0.545722,5.7,7
tt0026529,2.000496,6.5,23
tt0084268,0.963345,5.3,1
tt0082525,0.420615,0.0,0
tt0174204,3.143748,5.3,6
tt1224449,0.562568,4.0,6
tt0058946,11.322173,7.8,167
tt0019563,0.722511,6.2,5
tt1549589,9.921433,5.1,45
tt0850253,4.518646,6.3,75
tt0393329,4.382184,5.4,14
tt0118849,7.523517,7.8,113
tt1288403,8.226,5.2,114
tt1321865,4.558075,6.7,50
tt0138414,1.666469,5.7,29
tt0101412,4.038283,4.6,17
tt1536048,4.974482,5.8,62
tt1379177,7.271526,6.4,169
tt0366780,5.354783,6.6,107
tt0118826,4.337545,7.4,69
tt0094169,0.957019,4.8,6
tt3266724,2.482771,2.0,6
tt0398027,11.448612,6.0,64
tt0268200,0.202478,7.3,4
tt0112427,0.922958,6.0,11
tt1179069,11.634377,5.7,213
tt2800038,1.845554,3.9,15
tt1976608,0.086226,7.0,2
tt1562568,1.137468,5.3,14
tt0083745,1.094395,4.9,14
tt0040597,0.578456,6.8,6
tt0381442,4.584117,6.1,43
tt0345551,3.334942,6.8,57
tt0062794,2.526159,6.6,28
tt0080024,7.165079,6.3,17
tt0326450,0.321524,5.0,7
tt0094813,0.183677,6.5,4
tt1605769,8.888718,5.8,32
tt0087981,1.822979,5.6,33
tt0103977,0.59091,5.2,6
tt0097758,6.256969,5.6,53
tt0870984,7.769607,6.4,687
tt0118623,5.660835,6.4,26
tt0094783,0.964399,5.3,12
tt0937237,3.494388,6.2,37
tt3835080,6.636625,4.9,193
tt0194218,7.554807,6.8,27
tt0119934,3.643468,6.4,20
tt1185344,1.818296,4.8,14
tt3534602,3.993759,4.5,79
tt2333804,10.990614,5.9,383
tt1186366,0.652747,6.2,10
tt0106447,2.296734,4.3,8
tt0085542,8.471302,6.2,37
tt1191111,8.378149,7.2,397
tt1037163,0.635053,6.3,9
tt1640459,10.926038,5.7,213
tt0443431,5.978211,5.2,48
tt0808526,3.311392,6.3,30
tt0320244,3.007842,5.9,60
tt1297919,9.491865,6.0,496
tt0098577,3.265426,6.0,75
tt1810861,0.673247,5.3,5
tt0357110,4.173231,6.5,43
tt0887745,1.139949,6.2,13
tt0219822,7.714094,6.1,74
tt0016473,1.345287,5.8,11
tt3824458,4.832631,6.9,166
tt0353496,0.646227,6.9,4
tt0253828,0.91597,8.6,10
tt0464665,0.570293,5.7,3
tt0235737,12.106615,7.0,109
tt0342735,4.568999,6.9,81
tt0094667,3.927714,6.9,12
tt0088821,0.40319,5.2,5
tt0016884,0.765315,7.9,11
tt2345112,6.71518,5.8,128
tt0418753,3.21768,6.8,31
tt0017136,14.487867,8.0,666
tt4306116,0.091951,7.5,2
tt0433398,0.044561,5.0,1
tt0065214,11.722424,7.7,266
tt0134154,7.059308,6.6,49
tt3508840,6.294815,6.6,158
tt0124102,2.31478,4.7,36
tt0119324,3.974374,6.3,30
tt0248012,0.254553,6.1,7
tt0423169,3.319349,6.3,43
tt1049402,5.416588,6.8,68
tt3859304,5.353826,5.5,112
tt0160338,4.004968,5.9,9
tt1535970,4.883085,5.9,103
tt1230215,2.688548,5.4,32
tt0102687,1.924535,6.4,15
tt0377091,12.428269,6.9,110
tt2910814,8.536786,5.8,639
tt0291502,3.492576,4.8,52
tt0018618,0.140491,7.7,3
tt2401097,9.056173,5.9,437
tt0119937,2.93818,6.7,21
tt0095895,2.726061,7.4,37
tt1658801,4.955317,7.1,168
tt1242432,12.805294,6.3,537
tt0155713,0.170074,5.1,4
tt0082497,2.12989,5.7,27
tt0410764,6.796465,6.3,147
tt1695994,2.235068,4.6,19
tt0115734,6.904831,6.8,285
tt0191076,0.072704,4.0,2
tt0464041,11.387338,6.0,116
tt3182620,3.573865,6.7,22
tt0480669,8.623982,7.0,313
tt0094625,10.888917,7.8,792
tt2088871,0.474578,5.6,8
tt0795441,3.92107,6.8,66
tt0114660,4.486179,6.7,87
tt0057345,7.543337,7.5,138
tt2321513,0.043519,8.0,1
tt0089603,8.591834,7.7,37
tt0123755,12.095263,6.9,1101
tt0218043,2.691433,7.8,17
tt0377321,0.370114,6.0,2
tt1388441,0.284847,7.5,2
tt0984202,0.071908,7.0,2
tt0984177,0.493342,6.6,4
tt0417241,0.45621,6.7,5
tt0368400,0.509127,6.0,6
tt0807944,0.349478,5.3,5
tt1039952,0.233572,5.9,6
tt2304517,1.946823,3.8,20
tt0242572,0.660663,6.4,7
tt0442781,0.482527,6.1,6
tt3037582,0.817488,8.6,6
tt1369706,5.727987,5.8,334
tt0387808,12.130803,6.3,681
tt0275719,3.580063,6.9,63
tt1766044,0.560685,7.4,8
tt0100129,0.399156,5.0,6
tt1714210,4.727171,7.5,164
tt0398913,5.756379,5.0,207
tt0051380,3.559789,4.8,30
tt0114095,1.165039,5.8,14
tt2717558,2.934298,6.2,32
tt0290145,2.154226,6.7,13
tt0356614,7.474007,6.3,49
tt0119746,0.228526,3.4,5
tt0283503,2.942202,5.8,19
tt1361313,3.18614,5.9,29
tt0209077,12.630419,5.7,136
tt2375605,6.373118,7.5,213
tt2084989,8.003815,6.5,277
tt4158624,4.626438,6.1,75
tt2062700,12.928712,5.4,179
tt0083113,0.627368,5.7,3
tt0944114,0.271386,5.3,3
tt1507563,5.405958,4.8,61
tt0116985,1.143656,6.3,9
tt0106452,6.559693,5.8,102
tt0457572,5.284805,6.6,137
tt0390384,7.15307,6.9,671
tt1770734,4.38806,5.7,84
tt0110265,4.948569,6.1,111
tt0247199,8.128106,6.8,152
tt1570989,2.799356,5.6,60
tt0473188,10.77166,5.8,104
tt0116722,3.379677,6.6,38
tt1046198,0.594488,5.8,6
tt0013140,0.838095,6.4,10
tt2326554,6.039895,6.9,258
tt1651118,0.74156,6.8,13
tt0887971,9.002146,4.8,36
tt0090095,8.066663,6.3,89
tt0114371,0.737602,6.1,4
tt1403177,5.886972,6.7,218
tt0865554,6.675032,4.4,60
tt0414951,4.997751,6.1,73
tt2063781,4.893812,6.3,88
tt0405336,6.242588,5.2,154
tt0261983,14.242234,6.2,255
tt0125659,8.842959,7.4,211
tt0384533,5.126696,5.1,29
tt0059127,8.913793,6.1,54
tt0076263,2.777856,6.5,27
tt0040522,13.233136,8.0,404
tt0089913,2.806002,5.3,22
tt1719071,3.496577,6.2,37
tt0095904,11.582419,6.7,27
tt0981042,1.659692,6.7,23
tt1839642,2.999052,5.9,43
tt0790623,6.226054,5.9,89
tt4936450,2.840429,6.7,54
tt0325005,0.191539,4.8,5
tt0105508,0.003013,5.9,8
tt0483756,2.420823,6.4,29
tt0127349,1.241671,6.5,22
tt1512235,8.309635,6.6,446
tt2103267,12.260159,6.1,296
tt0954990,3.919317,6.4,53
tt0110944,7.180346,6.2,33
tt1714209,2.772269,5.8,45
tt0120122,1.631288,7.0,23
tt4761270,0.192475,6.0,3
tt0104109,0.124273,6.0,1
tt2612156,0.34064,6.9,6
tt0466399,1.372493,6.7,21
tt0182295,5.867426,5.4,14
tt1190536,10.92143,7.3,204
tt1262981,5.431657,6.5,181
tt0243655,6.386082,6.4,271
tt0277895,0.33262,6.5,1
tt2321405,7.321152,7.7,215
tt0331282,0.164585,7.8,4
tt5221584,4.860265,7.5,97
tt4120176,5.858112,6.5,70
tt2844798,6.313465,6.6,105
tt1130988,6.670933,6.6,155
tt0854678,6.415898,6.6,53
tt1227165,0.679141,4.7,5
tt0047478,15.01777,8.2,892
tt2786278,1.104156,6.9,6
tt1663207,17.788579,5.5,144
tt0473709,4.681832,6.0,19
tt0164212,11.839267,6.4,104
tt0101597,1.456755,6.6,11
tt0096409,1.799311,6.4,16
tt1613062,13.504065,7.3,42
tt0387055,2.329513,5.6,24
tt1694542,1.252133,6.1,20
tt0449086,7.892677,4.8,77
tt0109368,0.50525,4.9,6
tt3966404,6.49255,8.0,378
tt0046969,1.114697,3.8,6
tt0780607,11.329733,5.9,85
tt3774694,2.328321,5.2,449
tt0439182,0.634211,6.0,10
tt0492619,2.066141,6.0,35
tt0103873,13.645568,7.4,388
tt4943322,13.256679,6.5,38
tt0303243,0.653271,6.4,9
tt0089421,6.138795,5.0,101
tt1228953,5.130276,6.1,45
tt3135556,1.216497,5.4,14
tt0145394,0.179246,6.9,5
tt1687247,4.955542,7.3,84
tt0119256,7.04756,6.8,177
tt0433350,2.317528,6.0,30
tt0082242,3.891243,6.1,55
tt0456047,0.96053,7.5,2
tt0106464,0.074126,0.0,0
tt1687901,9.336568,6.3,470
tt0304328,2.400607,5.9,26
tt2402101,9.188583,5.7,488
tt1339161,1.824255,6.7,31
tt0401815,3.743679,5.1,64
tt0119079,7.171138,5.8,26
tt0099611,5.097791,5.7,65
tt1220888,5.145185,5.8,110
tt1860152,5.109329,5.6,103
tt4129870,6.021721,5.5,109
tt0102116,7.218957,6.2,23
tt1268204,2.627643,7.6,34
tt3018070,3.531089,5.2,32
tt1881002,12.020933,5.2,604
tt1073241,8.719145,6.9,134
tt0110978,6.854576,3.9,96
tt0057869,5.648187,7.5,103
tt4537362,0.524653,1.7,6
tt0109370,5.391556,5.9,57
tt0368774,2.789574,5.7,38
tt1566637,0.437372,4.0,12
tt0339727,1.054438,5.6,12
tt0489235,8.708789,5.9,107
tt1788391,15.014569,6.0,214
tt2358592,0.449582,6.8,10
tt0853096,4.028906,5.7,18
tt0435680,5.230003,6.2,61
tt0349260,1.14196,7.1,7
tt1498569,6.140556,6.3,156
tt0247303,1.158196,4.1,18
tt2217859,12.293202,6.7,93
tt2788556,5.105914,6.2,86
tt0093974,1.225871,4.7,26
tt0115906,2.225234,6.8,27
tt0105652,1.638622,6.1,9
tt3399024,11.024334,6.4,393
tt0303361,8.398158,6.3,153
tt0165546,0.732884,7.2,16
tt0319769,2.061389,7.0,37
tt0285728,3.66229,5.2,56
tt0360323,3.034823,6.3,26
tt2893490,4.69699,5.2,68
tt0290747,6.11959,4.0,38
tt0169302,0.154526,8.1,4
tt0005078,0.680407,4.8,11
tt0097008,0.861473,4.8,7
tt3181776,7.895442,5.9,168
tt2345561,0.485424,6.1,10
tt2952602,6.636514,6.5,117
tt0093067,0.889745,3.5,2
tt0118736,2.740989,5.8,36
tt1403988,8.786269,4.8,83
tt0108320,0.377787,8.5,2
tt2309961,8.93232,6.4,210
tt0388139,2.812182,7.1,53
tt1529572,7.778097,6.6,314
tt2106741,1.675406,6.0,21
tt0096926,6.69473,5.9,24
tt1934269,1.162001,6.8,22
tt2018086,0.134014,7.0,20
tt0380817,4.456904,6.7,28
tt0964185,2.90333,6.7,49
tt1276105,2.894924,5.9,18
tt1781784,0.466236,7.1,7
tt0814666,0.367324,6.4,9
tt0210382,2.488424,5.6,33
tt1772230,3.835131,5.0,41
tt0804529,3.750365,6.0,41
tt0095756,1.569865,4.5,14
tt4374460,2.214179,7.5,28
tt1152822,2.444847,6.7,36
tt5278832,2.159038,6.1,31
tt1242599,7.759376,6.4,54
tt1181614,5.276685,6.0,75
tt4651410,11.548303,5.1,95
tt0055572,4.431293,7.5,63
tt0083000,4.291236,6.5,33
tt0123948,3.111281,7.4,63
tt1612774,5.305905,5.7,252
tt0042876,9.887355,8.0,471
tt0417385,1.829593,7.0,20
tt2126362,8.328705,5.5,94
tt0119784,7.146514,5.7,60
tt1531901,6.79497,6.1,300
tt2581244,5.486893,5.0,235
tt1322313,0.984906,7.2,10
tt0392465,8.334487,6.5,41
tt0054167,7.229587,7.6,148
tt3606888,9.609879,7.5,195
tt0462579,2.78291,6.0,4
tt1594562,8.560726,5.4,223
tt0117653,1.672406,5.0,22
tt1609479,7.392294,5.9,99
tt1763264,7.202832,5.5,173
tt0249516,6.693589,2.3,28
tt0465407,0.46335,7.1,7
tt0108395,3.612089,4.4,40
tt1018818,6.67905,6.1,96
tt0976247,2.023166,4.7,25
tt1667310,8.435294,5.6,228
tt0042192,12.06308,8.0,367
tt0339419,7.137026,7.3,24
tt0466816,8.762536,6.8,51
tt2994190,11.153327,6.7,395
tt2463288,7.844705,5.8,561
tt1780762,8.367858,5.3,110
tt0332605,0.870645,5.7,9
tt2292959,4.281631,4.1,75
tt1170391,2.713961,4.6,17
tt1107319,10.964499,6.4,71
tt1196340,4.163207,6.3,39
tt0804507,34.145916,4.1,135
tt0107953,9.796755,5.9,88
tt2494384,3.851653,5.1,41
tt1270835,12.525758,5.6,91
tt0115994,2.781581,6.2,29
tt0154506,5.283661,7.2,363
tt1464191,3.880541,5.5,38
tt1337051,0.663231,6.1,14
tt2523600,2.513078,7.2,42
tt3794028,6.165491,6.7,63
tt0466893,5.113573,6.1,86
tt1106860,9.107829,6.0,73
tt0465436,4.661689,6.2,79
tt0118577,1.453096,3.0,9
tt2366608,6.640704,5.8,228
tt2796678,3.436499,4.1,9
tt0061955,2.775402,7.3,41
tt1303828,5.600277,6.5,197
tt0261755,0.218588,6.0,1
tt2131698,3.549738,6.6,16
tt0128214,0.546143,3.0,1
tt1786751,3.711772,6.5,45
tt0365675,4.918419,6.4,80
tt2091935,7.317816,6.3,395
tt2244376,0.079287,8.0,1
tt0377701,1.188935,5.9,10
tt1464580,7.814255,6.2,290
tt0472126,1.393391,6.1,8
tt2182972,6.743182,5.5,87
tt1226681,6.407207,6.6,187
tt1291549,1.608163,5.5,12
tt0801526,2.819298,5.9,36
tt2103217,8.804658,5.9,322
tt1107828,0.292296,1.0,1
tt1726589,10.114319,5.3,66
tt0862467,8.651468,5.9,323
tt0144117,12.457908,7.2,848
tt2210834,4.50333,6.0,30
tt1504319,1.744659,5.0,18
tt3791302,4.206655,7.3,149
tt0104418,1.80809,6.1,19
tt0475298,2.06528,4.2,18
tt0307596,0.524432,7.8,5
tt3593046,3.985181,5.8,48
tt2035599,0.489328,6.8,6
tt1699745,0.660969,5.9,11
tt0056663,11.30591,7.6,105
tt1403214,4.645724,6.7,53
tt1510907,0.386717,5.5,3
tt0252223,1.652275,6.1,7
tt1535616,7.406609,5.7,198
tt2978102,7.35578,5.7,81
tt0255589,3.882092,6.9,60
tt0484111,8.031164,5.7,41
tt0021749,10.891524,8.2,444
tt0496328,1.833892,6.0,12
tt1396226,5.849716,6.9,142
tt1247704,7.052376,5.2,30
tt1486193,3.174512,5.8,63
tt2325977,5.975657,5.1,90
tt0419663,0.262437,4.8,6
tt0914382,0.404753,6.6,7
tt2355495,5.939334,6.3,210
tt0120467,1.62632,5.3,16
tt0059418,3.055936,6.2,41
tt0092746,2.849779,6.0,67
tt2059171,9.067788,6.2,355
tt0163984,0.137676,6.0,3
tt0145937,2.850011,6.1,37
tt0360016,2.095106,5.7,12
tt1650048,8.59498,7.7,190
tt0431461,0.333017,7.0,1
tt1144551,0.892007,6.5,8
tt1656192,5.3584,6.4,132
tt0133117,0.101618,0.0,0
tt1483010,0.588872,5.3,2
tt0117724,0.321515,6.0,1
tt0402910,9.51795,6.1,278
tt0472259,2.392367,6.2,20
tt1489167,1.585713,6.3,26
tt1684233,7.67857,5.7,284
tt3177316,6.107378,5.4,261
tt2383068,5.350658,5.6,139
tt0918628,0.964715,4.0,2
tt1210071,1.192891,7.0,5
tt1139282,2.300459,6.5,28
tt0154421,9.174221,6.7,107
tt0479162,2.003309,6.6,32
tt1376213,5.955203,5.1,74
tt2224004,5.799861,6.0,71
tt1527679,0.993784,6.0,6
tt1847713,2.080781,5.4,27
tt0814005,0.038876,5.0,1
tt1582271,8.278079,5.0,52
tt2436682,5.927867,5.5,82
tt4581576,10.150041,5.8,162
tt1683921,2.942355,6.0,48
tt0055946,1.274228,2.8,18
tt1603257,8.950643,5.1,195
tt1945062,5.46567,4.4,91
tt0107819,1.155075,5.0,15
tt1867093,11.52128,5.2,69
tt1885300,5.875708,6.1,65
tt0455537,0.11689,5.0,3
tt0120042,0.471913,6.2,5
tt0204350,0.584397,3.9,7
tt1436559,4.060122,5.1,73
tt0027040,0.110801,5.3,3
tt0019195,0.76593,7.5,6
tt5447140,0.460016,5.5,3
tt2275471,1.740242,4.8,14
tt0120244,0.29962,6.3,3
tt0104225,1e-06,5.3,3
tt0119346,0.817002,7.5,12
tt1129437,1.018477,5.9,14
tt0144134,0.00188,0.0,0
tt1084972,4.450762,5.2,32
tt1828959,6.792607,6.2,30
tt0213203,5.568359,6.0,101
tt0066773,0.769053,3.5,5
tt0120836,1.337096,4.9,26
tt0077523,6.759519,6.2,126
tt0113394,0.825042,7.8,5
tt0903943,0.075176,0.0,0
tt5442308,1.398756,7.6,25
tt0795368,8.832907,6.9,508
tt1560139,3.308503,7.5,66
tt0361322,0.261278,7.5,1
tt0429277,0.717595,4.0,4
tt0102370,1.325299,6.3,32
tt0022879,1.914697,6.2,29
tt0199626,5.799628,4.7,93
tt0477095,5.140016,6.7,131
tt0078199,2.103581,6.5,18
tt0106684,1.145806,3.1,14
tt0114194,10.187623,6.4,139
tt1831829,2.493638,5.8,30
tt0227984,6.368323,5.9,173
tt0145653,4.496585,7.0,59
tt0360139,5.950792,6.1,154
tt0380277,1.758079,4.6,10
tt0077531,3.566996,6.5,30
tt3074732,2.861451,6.9,26
tt1729637,2.402032,5.2,29
tt0183659,11.179864,6.6,91
tt0144178,1.241349,6.0,2
tt1148165,0.265854,5.2,6
tt0859760,1.02071,6.0,4
tt0113965,7.506958,4.7,31
tt0113808,1.137266,5.6,7
tt0105459,3.2768,5.8,64
tt0048028,6.42883,7.5,163
tt0294289,0.158651,5.3,3
tt0104804,0.83333,4.7,11
tt3483712,1.109545,5.5,8
tt0856052,1.486349,6.8,18
tt0293086,0.26507,9.0,1
tt3121604,0.016219,0.0,0
tt1227926,8.927994,7.8,236
tt3805180,0.201582,6.0,4
tt0376144,0.43849,5.8,5
tt0374271,1.280455,6.4,18
tt0118172,1.410322,4.9,16
tt0016104,0.286719,6.5,6
tt0110604,2.466066,6.4,36
tt1445208,2.240259,5.6,10
